"finger","height"
10.03,55.59
10.31,56.52
9.936,58.26
10.17,58.1
10.17,58.28
10.33,58.34
10.39,57.85
10.67,57.67
9.984,58.75
10.07,59.15
10.18,58.76
10.17,58.72
10.26,58.51
10.31,58.93
10.34,58.94
10.37,59.05
10.55,59.01
10.59,58.95
10.67,59.49
10.67,58.56
10.77,59.23
10.75,58.93
11,59.01
10.98,58.57
11.08,58.9
11.1,58.9
11.11,59.48
11.17,58.55
11.23,59.21
11.23,59.3
11.3,59.11
9.912,59.51
10.01,60.16
9.98,60.29
10.13,59.89
10.06,59.66
10.11,60.29
10.22,59.66
10.17,59.61
10.31,59.98
10.32,59.58
10.39,59.69
10.4,59.69
10.54,60.09
10.53,59.55
10.5,59.62
10.58,60.48
10.57,60.11
10.62,59.75
10.57,60.37
10.69,60.19
10.75,60.33
10.67,59.69
10.71,59.66
10.79,60.25
10.8,59.96
10.81,60.39
10.84,59.69
10.76,59.97
10.88,59.64
10.95,59.98
10.96,59.68
11.02,60.09
10.99,60.17
10.95,59.93
11.02,59.61
10.98,59.91
11.15,60.07
11.12,59.92
11.08,59.62
11.25,59.86
11.25,60.48
11.39,60.42
11.4,59.98
11.38,59.71
11.63,59.57
11.62,60.05
11.78,60.47
11.9,59.55
9.456,60.56
10.15,61.02
10.16,60.53
10.27,61.35
10.32,61.35
10.38,61.17
10.39,60.81
10.35,60.96
10.48,60.5
10.46,60.62
10.47,61.46
10.49,61.14
10.52,60.88
10.51,61.13
10.48,61.48
10.58,61.22
10.63,61.14
10.61,60.96
10.61,61.15
10.58,60.98
10.66,61.41
10.67,60.79
10.68,60.59
10.74,60.54
10.66,61.06
10.7,61.23
10.68,60.98
10.67,61.32
10.65,61.14
10.76,61.21
10.83,60.89
10.84,60.67
10.85,61.02
10.79,60.85
10.83,60.67
10.91,61.09
10.87,61
10.93,61.29
10.95,60.76
10.86,60.88
10.87,61.21
10.98,60.89
11.02,61.06
10.95,60.92
10.99,61.45
10.96,60.85
11.03,61.14
10.97,61.26
11.03,61.35
11.03,60.66
10.97,61.41
10.96,61.24
11.04,61.33
11.14,61.21
11.05,60.92
11.07,61.19
11.15,60.64
11.1,60.82
11.08,60.66
11.06,61.3
11.06,61.2
11.13,60.72
11.06,60.9
11.08,60.59
11.09,60.62
11.23,60.79
11.22,61.13
11.19,61.46
11.16,61.08
11.18,61.36
11.23,60.88
11.16,60.9
11.33,60.85
11.26,60.55
11.31,61.15
11.28,61.26
11.33,61.12
11.39,61.21
11.38,60.6
11.35,60.59
11.38,60.84
11.51,60.71
11.46,61.03
11.5,60.64
11.5,61.01
11.45,61.02
11.57,60.64
11.65,61.1
11.71,60.65
11.86,61.45
9.826,62.24
9.907,61.57
10.03,62.4
10.01,62.17
10.25,62.45
10.28,62.14
10.28,61.58
10.4,62.04
10.39,62.16
10.4,62.34
10.55,61.86
10.48,62.11
10.54,61.7
10.5,62.35
10.55,62.28
10.54,61.73
10.57,62.48
10.63,62
10.64,62.2
10.55,62.28
10.64,62.25
10.61,61.89
10.62,61.71
10.61,62.39
10.59,62.23
10.73,61.86
10.71,61.89
10.68,62.33
10.69,61.99
10.68,61.92
10.72,62.49
10.69,62.21
10.7,61.76
10.69,62.22
10.7,62.09
10.74,62.28
10.7,62.25
10.7,62.01
10.72,62.5
10.78,62.48
10.79,62.01
10.83,62.4
10.76,61.65
10.84,62.33
10.85,61.77
10.8,62.33
10.8,61.77
10.84,61.61
10.83,61.58
10.8,62.12
10.81,62.29
10.81,62.31
10.83,62.09
10.88,61.96
10.9,62.34
10.92,61.84
10.91,61.54
10.86,62
10.94,61.81
10.85,62.35
10.88,61.74
10.92,62
10.9,61.82
10.92,61.7
10.88,61.92
10.93,61.67
10.88,61.71
10.98,61.95
11,61.65
11.04,62.49
11.04,62.1
11,61.8
11.01,61.52
10.95,61.96
10.96,61.82
11.02,62.32
11.01,62.3
11.05,62.23
11.03,61.6
10.99,61.93
10.96,62.26
10.97,61.79
11.07,62.06
11.09,62.33
11.11,61.68
11.13,62.14
11.15,62.47
11.08,61.64
11.11,62.04
11.14,62
11.06,62.4
11.09,61.76
11.14,61.82
11.14,62.03
11.05,62.03
11.09,62.41
11.07,62.02
11.14,62.04
11.12,62.34
11.07,61.84
11.11,62.44
11.08,62.17
11.08,62.13
11.11,62.14
11.19,62.03
11.2,62.32
11.22,62.4
11.2,62.32
11.21,62.34
11.15,62.43
11.19,62.35
11.24,61.76
11.24,62.06
11.21,62.29
11.23,62.36
11.24,61.53
11.17,61.76
11.15,62.07
11.23,61.8
11.19,61.82
11.22,61.56
11.22,61.53
11.24,61.51
11.21,62.18
11.18,62.5
11.28,62.21
11.34,61.66
11.3,61.62
11.29,61.71
11.28,62.03
11.29,61.96
11.3,62.43
11.28,62.17
11.25,61.58
11.27,62.03
11.44,61.56
11.42,62.41
11.36,61.76
11.38,61.63
11.43,62.24
11.36,61.76
11.38,62.17
11.44,62.25
11.41,62.34
11.47,61.76
11.5,62.17
11.46,62.17
11.53,62.33
11.45,61.85
11.5,61.51
11.49,62.45
11.5,62.07
11.52,62.13
11.45,61.68
11.54,62.14
11.63,61.86
11.6,61.97
11.63,61.98
11.57,62.04
11.72,62.25
11.73,62.17
11.66,62.16
11.67,61.58
11.65,62.03
11.72,62.02
11.66,62.17
11.7,62.14
11.66,61.91
11.82,62
11.79,61.82
11.89,62.38
11.89,62.12
11.99,61.54
12.15,62.26
12.36,61.68
10.05,63.37
10.24,62.98
10.25,62.56
10.29,62.85
10.33,62.98
10.28,62.52
10.28,62.93
10.3,62.65
10.37,63.48
10.41,63.05
10.42,63.4
10.36,63.24
10.54,63.16
10.51,63.11
10.53,63.21
10.46,62.83
10.59,63.3
10.61,63.28
10.58,63.2
10.56,63.11
10.57,62.76
10.63,62.92
10.59,63.25
10.57,63.09
10.55,63.2
10.57,63.18
10.6,63.35
10.63,62.96
10.64,63.2
10.62,62.94
10.67,62.9
10.73,63.41
10.71,63.34
10.71,63.36
10.72,62.66
10.7,62.71
10.69,62.71
10.73,62.95
10.69,63.34
10.73,63.25
10.66,62.95
10.75,63.46
10.75,63.28
10.71,63.27
10.66,62.61
10.66,62.52
10.75,62.76
10.84,63.28
10.85,63.25
10.76,63.48
10.79,63.48
10.75,63.47
10.76,62.8
10.83,63.42
10.83,63.13
10.85,62.96
10.85,63.4
10.79,62.79
10.8,63.45
10.83,63.09
10.81,63.15
10.82,62.75
10.81,63.02
10.77,62.69
10.83,63.09
10.79,63.46
10.8,63.19
10.85,63.15
10.79,63.09
10.84,63.11
10.75,63.3
10.77,63.4
10.83,63.07
10.88,63.34
10.93,62.76
10.87,63.02
10.9,63.11
10.92,62.57
10.87,62.76
10.92,63.06
10.87,63.19
10.86,62.79
10.94,62.61
10.87,63.09
10.9,63.37
10.87,62.85
10.91,62.82
10.86,62.69
10.94,63.46
10.92,63.44
10.87,62.93
10.92,62.8
10.86,62.71
10.86,63.19
10.85,63.11
10.91,63.22
10.89,63.43
10.98,62.67
10.96,62.58
11.05,63.48
10.96,63.08
11.02,63.45
11,63.23
10.98,63.27
11.03,63.38
11.01,62.84
11.03,62.79
11.01,63.22
10.96,63.42
11.03,62.87
11.03,63.06
11.04,63.49
10.99,62.6
10.99,63.15
11.03,62.96
11,63.09
10.98,62.9
11.01,63.05
11.03,62.76
11.02,63.41
11,63.31
11.04,62.52
11.01,62.77
10.96,63.38
10.96,62.93
11.04,63.43
11.01,63.29
10.97,63.19
11.13,63.1
11.05,63.32
11.08,63.4
11.14,62.99
11.13,62.87
11.12,62.89
11.12,62.96
11.13,62.58
11.15,62.57
11.07,62.63
11.11,62.79
11.09,63
11.06,63.4
11.07,63.41
11.09,63.27
11.12,62.95
11.11,63.4
11.06,63.4
11.12,62.59
11.13,63.07
11.15,62.98
11.1,63.23
11.05,62.66
11.09,62.63
11.1,63.41
11.15,63.3
11.21,63.24
11.18,63.36
11.19,62.87
11.16,62.68
11.2,62.82
11.15,63.27
11.18,62.53
11.16,62.52
11.22,62.87
11.23,62.85
11.16,63.28
11.17,63.08
11.17,63.14
11.22,63.08
11.23,62.89
11.23,62.95
11.22,63.15
11.24,63.32
11.2,63.13
11.16,63.11
11.19,62.74
11.18,62.75
11.23,62.59
11.22,62.6
11.18,62.71
11.22,63.39
11.16,63.39
11.25,62.55
11.17,63.02
11.23,62.96
11.27,62.9
11.3,62.73
11.26,62.63
11.3,63.24
11.33,63.36
11.32,62.77
11.34,62.8
11.25,62.89
11.32,62.67
11.32,62.52
11.3,62.52
11.35,63.3
11.34,62.8
11.32,62.67
11.31,63.41
11.32,62.78
11.32,63.12
11.32,62.81
11.34,62.79
11.32,63.46
11.26,63.17
11.28,62.61
11.27,62.77
11.32,63.05
11.45,63.38
11.42,62.57
11.39,62.52
11.42,62.97
11.4,62.71
11.37,63.25
11.4,62.69
11.39,63.1
11.43,63.39
11.39,63.48
11.4,62.96
11.44,62.76
11.36,63.18
11.38,63.39
11.39,63.26
11.35,63.08
11.4,63.45
11.35,63.24
11.4,62.84
11.39,62.72
11.44,62.66
11.42,62.83
11.35,62.75
11.41,63.38
11.39,62.87
11.44,62.98
11.44,62.82
11.43,63.16
11.37,62.98
11.47,62.92
11.54,63.26
11.48,63.13
11.52,63.41
11.52,63.34
11.47,63.1
11.53,63.04
11.48,63.08
11.48,63.12
11.54,63.33
11.51,63.02
11.49,62.7
11.53,62.51
11.45,63.43
11.51,62.95
11.45,63.02
11.53,63.3
11.64,62.6
11.58,62.97
11.55,62.99
11.64,63.31
11.64,63.49
11.63,63.09
11.56,63.15
11.59,62.6
11.63,62.64
11.59,63.14
11.58,63.11
11.56,63.46
11.61,62.59
11.67,63.22
11.73,62.88
11.73,62.98
11.71,63.46
11.67,62.7
11.7,63.41
11.69,63.4
11.66,63.06
11.72,63.5
11.67,62.77
11.67,63.36
11.74,62.84
11.66,63.17
11.74,62.78
11.69,63.49
11.71,62.59
11.74,63.38
11.78,63.03
11.81,62.9
11.82,63.16
11.82,63.49
11.8,63.24
11.78,63.01
11.82,63.07
11.76,62.67
11.84,62.78
11.78,63.44
11.79,62.87
11.86,63.41
11.94,62.66
11.92,63.02
11.93,63.5
11.85,62.59
11.86,63.23
11.85,62.84
11.91,63.14
11.86,63.17
11.89,62.54
11.88,62.78
11.93,62.91
12.03,62.93
12.03,62.78
12.02,62.53
11.97,62.62
12.12,63.33
12.11,62.57
12.22,63.28
12.19,62.63
12.43,63.31
12.45,63.47
10.12,64.04
10.4,63.73
10.38,64.37
10.38,64.23
10.47,63.53
10.46,64.05
10.53,64.22
10.65,63.77
10.63,63.84
10.58,64.14
10.56,63.99
10.62,63.55
10.65,63.8
10.72,63.71
10.69,63.64
10.71,64.06
10.69,64.36
10.66,64.18
10.7,63.8
10.74,64.16
10.67,63.57
10.75,64.37
10.67,64.25
10.71,63.88
10.71,64.36
10.69,63.85
10.68,63.71
10.67,63.61
10.84,64.49
10.84,63.81
10.83,63.87
10.84,63.62
10.84,63.63
10.8,64.47
10.79,63.7
10.85,64.16
10.75,63.85
10.78,63.8
10.93,64.11
10.95,64.12
10.9,64.27
10.88,63.75
10.88,63.96
10.89,63.82
10.86,64.17
10.86,64.13
10.93,64.06
10.94,63.71
10.88,64.42
10.92,63.55
10.87,64.12
10.87,64.06
10.89,63.54
10.87,64.44
10.94,64.01
10.86,64.34
10.87,64.48
10.88,64.34
10.92,64.38
10.88,63.77
10.94,63.69
10.93,63.63
10.89,64
10.9,63.76
10.9,64.45
10.96,63.64
10.96,64.33
11.02,64.12
11.02,64.2
10.96,64.29
10.96,63.93
11.02,63.66
11.04,64.5
11.04,64.47
11.01,63.96
11.02,63.92
11.04,64.21
11,64.43
11.02,64.2
11.02,64.04
11.02,64.23
10.97,64.23
11,63.95
11.01,64.4
10.97,64.23
10.95,63.97
11.03,64.05
11.01,64.1
10.98,64.5
10.97,64.35
10.95,64.48
10.98,64.08
10.97,63.66
11,64.46
10.99,63.9
10.97,64.15
11,64.46
10.95,63.64
11,64.03
11.04,64.48
10.95,63.78
10.95,63.72
11.1,63.51
11.12,63.55
11.14,64.11
11.14,63.8
11.12,63.54
11.06,64.45
11.14,63.76
11.11,63.59
11.1,64.42
11.1,63.88
11.14,63.87
11.1,64.03
11.09,64.37
11.13,64.26
11.09,64.04
11.14,63.57
11.08,63.64
11.15,63.93
11.13,63.65
11.09,64.04
11.06,64.16
11.06,64.31
11.05,63.89
11.05,64.47
11.19,63.89
11.24,63.93
11.21,64.1
11.24,63.51
11.19,63.76
11.22,64.28
11.15,63.83
11.15,64.13
11.24,64.26
11.22,64.5
11.18,64.15
11.25,64.07
11.22,63.75
11.18,64.07
11.16,63.59
11.25,64.41
11.18,63.7
11.25,64.01
11.21,63.82
11.23,64.42
11.21,63.51
11.22,64.26
11.22,64.09
11.23,64.17
11.19,64.04
11.18,64.21
11.2,63.87
11.17,63.65
11.19,63.84
11.2,64.21
11.22,63.55
11.24,63.91
11.16,63.78
11.17,64.06
11.18,64
11.2,64.37
11.17,64.05
11.17,64.27
11.32,63.67
11.29,64.15
11.27,63.51
11.34,63.58
11.33,64.02
11.3,63.7
11.31,64.1
11.31,63.78
11.32,64.13
11.27,63.68
11.31,63.77
11.34,63.82
11.26,64.22
11.3,63.67
11.27,63.51
11.34,64.48
11.35,64.28
11.33,64.29
11.3,64.32
11.3,64.48
11.34,63.66
11.31,63.66
11.28,64.01
11.3,64.46
11.33,64.07
11.33,63.74
11.37,63.83
11.45,63.62
11.41,63.72
11.44,64.38
11.43,64.4
11.4,64.17
11.37,64.29
11.37,63.57
11.43,64.05
11.4,64.06
11.42,63.65
11.37,64.21
11.44,63.97
11.45,64.29
11.36,64.24
11.41,63.81
11.38,64.32
11.4,64.21
11.45,63.92
11.38,64.16
11.36,64.07
11.4,63.85
11.44,63.73
11.44,64
11.35,63.7
11.4,64.47
11.44,64.03
11.37,63.72
11.35,63.72
11.4,64.05
11.35,63.73
11.39,64.48
11.42,64.5
11.39,64.24
11.45,64.05
11.4,64.11
11.36,63.57
11.43,63.66
11.4,63.73
11.39,64.02
11.41,63.8
11.44,63.88
11.43,63.93
11.39,63.81
11.35,63.53
11.38,63.84
11.42,64.36
11.36,63.8
11.4,63.6
11.44,64.23
11.37,64.28
11.41,63.5
11.39,63.55
11.36,63.55
11.4,64.08
11.42,64.07
11.47,63.64
11.45,63.74
11.52,64.38
11.53,63.56
11.47,64.04
11.55,64.24
11.51,63.9
11.45,64.02
11.48,64.38
11.51,64.36
11.47,64.47
11.48,64.15
11.47,63.65
11.53,63.94
11.54,63.85
11.48,63.6
11.5,63.93
11.46,64.25
11.48,63.89
11.48,63.76
11.46,64.37
11.5,64.42
11.49,63.68
11.54,63.52
11.47,64.43
11.48,64.33
11.51,63.92
11.48,63.57
11.54,64.37
11.46,64.48
11.54,64.1
11.47,63.9
11.5,64.35
11.58,63.59
11.64,63.65
11.57,63.83
11.55,63.61
11.6,64.06
11.59,64.19
11.57,63.83
11.62,63.65
11.55,64.38
11.57,63.92
11.6,64.49
11.6,64.34
11.62,64.27
11.62,63.91
11.64,63.99
11.63,64.35
11.59,63.72
11.56,63.6
11.58,64.29
11.64,63.96
11.56,63.78
11.64,64.41
11.56,64.38
11.59,64.32
11.59,63.82
11.61,64.48
11.62,63.79
11.61,63.77
11.58,63.52
11.57,63.73
11.57,64.17
11.56,64.18
11.62,63.66
11.63,63.66
11.57,64.37
11.62,64.41
11.55,64.43
11.74,64.22
11.68,63.91
11.73,63.81
11.73,63.88
11.72,64.04
11.7,64.13
11.67,64.45
11.69,64.38
11.66,64.46
11.74,63.92
11.66,63.89
11.73,63.85
11.66,63.51
11.7,63.56
11.66,63.64
11.71,63.86
11.65,63.91
11.74,64.39
11.74,64.46
11.67,64.15
11.68,64.46
11.69,64.1
11.71,64.39
11.72,63.7
11.7,64.04
11.7,64.02
11.67,64.15
11.74,64.12
11.66,63.74
11.75,63.58
11.78,63.85
11.76,64.38
11.8,63.5
11.75,64.28
11.85,63.99
11.8,63.85
11.79,64.39
11.79,64.11
11.8,64.32
11.79,63.85
11.77,64.02
11.76,64.16
11.82,64.42
11.83,63.81
11.83,63.84
11.91,63.7
11.9,64.47
11.94,64.28
11.93,64.26
11.95,63.68
11.92,63.95
11.88,63.76
11.9,63.94
11.93,63.54
11.85,64.26
12,63.83
12.04,63.54
12.05,64.45
11.96,64.44
12,63.7
12.02,64.36
11.96,64.06
11.99,63.81
12.06,64.17
12.08,64.45
12.14,64.4
12.14,63.92
12.22,64.03
12.23,63.52
12.21,64.02
12.17,63.89
12.21,63.91
12.3,64.09
12.28,64.26
12.33,64.23
12.35,64.46
12.41,64.38
9.994,65.28
10.18,64.59
10.37,64.9
10.42,64.54
10.37,64.7
10.5,64.61
10.58,65.4
10.61,64.71
10.63,64.75
10.72,65.26
10.69,64.84
10.67,65.36
10.67,65.23
10.74,65.12
10.75,64.88
10.69,65.11
10.77,65.37
10.84,65.11
10.75,64.86
10.83,64.94
10.84,64.9
10.8,65.15
10.83,65.24
10.88,64.5
10.91,65.01
10.93,64.59
10.91,64.8
10.89,65.07
10.92,64.58
10.9,65.47
10.95,64.76
10.88,64.78
10.89,64.72
10.9,65.28
10.93,64.62
10.87,64.57
10.92,65.25
10.97,64.98
11,65.13
11.02,65.11
10.96,65.16
11.01,64.59
10.97,64.83
11.04,65.01
10.98,65.34
10.98,64.77
11.02,64.74
11.01,64.98
10.99,65.2
11.02,64.78
11.01,64.97
11.03,64.77
10.95,64.96
10.95,65.02
10.97,65.28
10.96,65.39
10.97,65.02
11.04,65.03
11.03,65.08
10.96,65.22
10.97,64.69
10.97,65.17
11.04,65.04
11,65.3
11.14,65.27
11.12,64.51
11.1,65.41
11.13,64.59
11.06,65.13
11.15,65.01
11.06,65.35
11.1,64.68
11.06,64.97
11.12,64.68
11.05,65.4
11.07,65.02
11.06,65.01
11.11,65.24
11.11,64.53
11.07,65.12
11.05,64.76
11.07,64.87
11.1,64.72
11.11,64.87
11.14,65.31
11.11,65.11
11.07,65.04
11.1,65.23
11.08,64.97
11.07,65.22
11.17,65.08
11.18,64.55
11.23,64.93
11.21,65.26
11.25,64.66
11.17,65.32
11.19,64.59
11.2,65.34
11.24,65.46
11.19,64.94
11.2,65.08
11.16,65.27
11.22,65.32
11.21,64.58
11.23,65.32
11.17,65.43
11.23,65.03
11.21,64.86
11.2,65.09
11.16,64.76
11.15,65.4
11.15,65.5
11.15,65.02
11.24,65.01
11.24,64.83
11.24,65.31
11.2,65.13
11.18,65.02
11.18,65.02
11.34,64.68
11.33,65.19
11.34,64.97
11.25,64.65
11.32,65.36
11.33,64.69
11.27,65.48
11.25,64.68
11.31,64.87
11.26,65.23
11.3,64.93
11.3,64.85
11.33,64.65
11.34,65.11
11.32,64.52
11.32,64.85
11.33,64.76
11.34,65.02
11.26,65.02
11.28,64.64
11.33,65.15
11.26,65.15
11.33,64.72
11.29,64.85
11.26,65.36
11.27,65.23
11.26,64.67
11.3,65.23
11.33,64.84
11.27,65.42
11.26,65.08
11.32,64.85
11.33,65.39
11.3,65.45
11.31,64.89
11.3,64.92
11.31,65.48
11.33,64.74
11.34,65.02
11.4,64.82
11.36,64.87
11.43,65.36
11.39,64.54
11.45,64.55
11.4,64.61
11.35,65.12
11.4,65.17
11.4,64.57
11.38,64.72
11.4,64.69
11.36,65.21
11.39,64.61
11.36,65.05
11.44,65.47
11.41,65
11.35,64.57
11.4,64.71
11.41,64.85
11.4,64.8
11.39,64.58
11.42,64.82
11.37,64.89
11.35,65.22
11.39,64.82
11.42,65.32
11.4,65.19
11.38,64.81
11.41,65.49
11.37,64.65
11.38,64.77
11.41,64.79
11.4,65.47
11.4,64.67
11.38,65.19
11.45,64.78
11.36,64.8
11.43,65.05
11.45,65.26
11.4,64.66
11.39,65.26
11.35,64.83
11.41,64.76
11.42,65.35
11.44,65.09
11.37,64.96
11.37,64.97
11.37,65.36
11.42,64.92
11.45,64.65
11.39,64.67
11.37,64.57
11.41,64.58
11.44,65.22
11.4,64.59
11.36,64.9
11.4,65.19
11.44,65.24
11.51,65.42
11.51,65.32
11.45,64.99
11.54,64.8
11.5,64.92
11.47,65.07
11.46,64.82
11.49,64.56
11.54,64.87
11.53,65.18
11.54,65.03
11.48,64.63
11.51,64.98
11.51,64.55
11.5,65.2
11.48,64.57
11.49,64.76
11.47,64.79
11.51,64.97
11.47,65.43
11.48,64.84
11.51,65.05
11.55,65.49
11.45,64.55
11.54,64.79
11.5,64.8
11.53,65.41
11.53,65.21
11.47,65.47
11.54,65.13
11.49,64.59
11.45,65.26
11.54,64.58
11.48,65.48
11.53,65.06
11.46,64.91
11.55,65.41
11.53,64.54
11.52,65.01
11.46,64.64
11.52,64.5
11.48,65.47
11.53,64.71
11.45,64.83
11.46,64.89
11.46,64.97
11.55,65.49
11.5,64.59
11.47,65.06
11.51,64.98
11.51,64.93
11.49,64.99
11.53,65.26
11.48,65.04
11.52,65.21
11.47,65.27
11.46,64.65
11.59,64.99
11.62,64.68
11.58,65.31
11.57,64.81
11.56,65.38
11.57,65.04
11.56,65.21
11.61,64.77
11.62,65.28
11.63,65.17
11.61,64.91
11.61,65.43
11.63,64.66
11.57,64.82
11.64,64.52
11.63,65.18
11.57,65.16
11.55,65.14
11.57,64.56
11.6,65
11.59,64.97
11.61,64.87
11.56,65.49
11.57,64.68
11.6,65.4
11.6,64.56
11.59,65.23
11.58,65.26
11.56,64.71
11.63,64.5
11.61,65.4
11.64,65.38
11.62,65.44
11.64,65.27
11.57,65.46
11.61,64.71
11.62,65.27
11.61,64.69
11.57,64.5
11.67,65.35
11.72,65.42
11.67,64.74
11.74,64.57
11.68,65.08
11.66,64.58
11.74,65.09
11.73,64.7
11.71,64.89
11.65,65.37
11.67,65.37
11.67,65.22
11.72,64.64
11.75,64.88
11.69,65.3
11.75,65.18
11.7,65.42
11.68,65.02
11.72,64.98
11.73,64.66
11.75,65.08
11.74,64.83
11.66,64.77
11.66,65.25
11.66,64.83
11.7,65.38
11.7,64.83
11.67,65.48
11.68,64.82
11.72,64.91
11.69,65.4
11.71,65.22
11.67,64.55
11.66,64.92
11.75,65
11.72,64.86
11.69,65.44
11.8,65
11.81,65.07
11.8,65.09
11.76,64.69
11.8,65.42
11.77,64.53
11.77,64.85
11.83,65.4
11.83,65.42
11.76,64.7
11.75,65.5
11.8,64.57
11.82,64.75
11.83,64.84
11.77,65.14
11.78,64.98
11.75,65.29
11.81,65.09
11.85,65.03
11.81,65.04
11.82,65.41
11.81,64.74
11.78,64.71
11.78,65.02
11.79,65.05
11.82,65.3
11.8,65.34
11.79,65.12
11.8,65.23
11.78,65.05
11.81,65.5
11.83,64.89
11.8,64.52
11.84,64.84
11.8,65.21
11.92,64.94
11.9,65.17
11.93,64.94
11.94,64.64
11.89,64.57
11.94,65.1
11.86,65.39
11.93,64.7
11.89,64.55
11.9,65.33
11.88,65.35
11.94,64.81
11.89,64.52
11.88,65.3
11.91,65.42
11.9,65.49
11.89,64.92
11.9,65.05
11.88,64.82
11.89,65.37
11.88,65.37
11.87,64.7
11.87,65.43
11.92,65.44
11.88,65.22
11.91,64.78
11.88,65.4
11.96,64.95
12.02,65.14
12.03,64.96
12,64.78
11.98,64.84
12.03,64.61
11.97,64.91
12.01,65.3
11.97,65.02
12.04,64.55
12.05,64.54
12.04,64.57
11.99,65.28
11.98,65.34
11.97,65.2
12.05,64.56
12.03,64.82
12.01,64.83
11.98,65.05
12.12,64.64
12.07,64.97
12.06,64.51
12.11,64.83
12.09,64.85
12.1,64.69
12.06,65.49
12.06,65
12.14,65.41
12.09,65.5
12.11,65.05
12.12,64.76
12.11,64.65
12.24,64.63
12.21,64.96
12.23,65.33
12.24,64.57
12.17,65.03
12.19,65.47
12.29,65.46
12.33,64.88
12.29,64.95
12.32,65.43
12.32,64.82
12.28,65.1
12.31,65.19
12.25,65.05
12.42,65.35
12.39,64.78
12.47,65.25
12.63,65.42
12.73,65.48
10.51,65.6
10.55,66.18
10.54,66.26
10.65,66.06
10.69,66.34
10.72,66.09
10.74,66.34
10.76,65.79
10.87,66.21
10.95,66.08
10.94,65.67
10.91,65.76
10.87,65.9
10.85,66.47
10.91,66.27
10.86,66.03
10.87,66.47
10.89,65.86
11.03,66.01
11.01,65.85
11.05,65.85
10.96,65.75
10.98,66.46
10.97,66.33
10.99,65.52
10.96,65.83
11.02,66
10.96,66.15
10.97,65.76
11.02,65.82
11.01,66.03
11.04,65.93
10.99,66.1
10.99,66.27
11.01,66.25
11.09,66.23
11.06,66.03
11.12,65.71
11.14,66.32
11.13,66.38
11.13,66.44
11.1,66.13
11.11,65.68
11.09,65.82
11.14,65.55
11.09,65.9
11.08,65.61
11.06,66.35
11.14,66.49
11.13,66.5
11.14,66.48
11.08,66.09
11.1,66.41
11.09,65.73
11.07,65.86
11.08,66.3
11.11,65.8
11.14,65.53
11.06,66.22
11.2,65.76
11.24,66.31
11.2,66.46
11.23,65.56
11.16,66.01
11.17,66.14
11.16,66.49
11.18,65.77
11.23,65.84
11.18,65.85
11.18,65.92
11.23,66.41
11.15,66
11.17,66.46
11.15,66.27
11.2,66.18
11.18,65.93
11.19,65.84
11.2,66.12
11.21,66.21
11.2,66.34
11.21,66.3
11.17,66.24
11.17,66.06
11.16,65.72
11.23,66.09
11.24,65.9
11.27,65.95
11.35,65.56
11.33,66.15
11.32,66.01
11.28,65.75
11.25,65.99
11.25,65.86
11.33,65.69
11.35,65.61
11.35,66.12
11.27,65.61
11.26,65.68
11.27,65.56
11.34,65.66
11.28,65.72
11.34,65.93
11.32,65.78
11.32,66.01
11.25,65.69
11.33,66.26
11.28,65.56
11.33,65.57
11.25,66.18
11.28,66.47
11.32,65.84
11.28,65.8
11.42,66.25
11.41,66.49
11.39,66.21
11.38,65.8
11.45,66.09
11.37,65.56
11.43,65.56
11.45,65.72
11.4,66.07
11.38,66.35
11.35,66.37
11.41,66.21
11.37,66.04
11.41,66.01
11.37,65.89
11.36,66.42
11.45,65.7
11.44,66.49
11.38,65.84
11.43,66.42
11.42,66.19
11.45,65.76
11.4,66.4
11.36,65.71
11.35,66.31
11.36,65.56
11.53,66.47
11.53,66.01
11.48,65.69
11.51,66.04
11.53,66.18
11.51,66.48
11.48,66.14
11.5,65.69
11.52,66.28
11.5,66.13
11.53,65.97
11.52,66
11.47,66.41
11.45,66.13
11.52,66.15
11.52,65.72
11.51,65.95
11.49,66.47
11.47,66.11
11.52,66.25
11.55,66.49
11.53,66.1
11.54,65.98
11.54,66.36
11.54,65.73
11.49,66.4
11.55,65.92
11.53,65.57
11.54,66.09
11.53,66.07
11.46,66.33
11.53,65.94
11.49,65.64
11.53,66.49
11.5,65.93
11.48,65.66
11.5,65.58
11.51,66.23
11.61,65.95
11.57,65.97
11.61,65.77
11.63,65.82
11.62,65.87
11.61,65.67
11.6,66.44
11.56,66.29
11.63,66.16
11.63,65.95
11.58,65.73
11.61,65.7
11.59,66.1
11.62,65.5
11.62,66.24
11.63,66.19
11.57,65.76
11.55,65.96
11.63,66.32
11.58,65.56
11.63,66.22
11.63,65.58
11.56,65.99
11.56,65.71
11.64,66.39
11.65,65.52
11.56,66.36
11.61,65.62
11.6,65.68
11.57,65.67
11.57,65.55
11.56,65.79
11.61,65.85
11.58,66.14
11.64,65.53
11.55,66.35
11.58,65.97
11.61,65.79
11.57,65.81
11.65,66
11.61,65.87
11.64,65.53
11.63,65.61
11.65,66.25
11.64,66.18
11.64,66.03
11.62,66.2
11.57,66.35
11.67,66.36
11.66,66.13
11.69,65.56
11.7,66.48
11.69,65.53
11.73,66.22
11.7,65.76
11.72,65.54
11.74,66.25
11.7,66.13
11.71,66.46
11.68,65.9
11.69,65.97
11.7,66.27
11.66,65.91
11.7,65.66
11.66,65.69
11.75,66.22
11.74,66.39
11.69,65.56
11.66,66.26
11.73,66.49
11.73,66.17
11.73,65.74
11.66,65.93
11.74,65.9
11.66,66.33
11.66,66.42
11.7,65.94
11.65,66.09
11.73,66.19
11.69,66.35
11.74,65.8
11.68,66.09
11.66,65.86
11.67,65.76
11.65,66.35
11.68,66.1
11.68,65.67
11.7,66.08
11.67,65.6
11.73,65.51
11.71,66.12
11.69,65.97
11.68,65.96
11.68,65.61
11.75,65.67
11.66,66.43
11.84,65.91
11.82,65.56
11.81,66.11
11.8,66.37
11.75,65.8
11.78,66.27
11.81,65.68
11.79,66.1
11.78,66.25
11.76,65.54
11.8,66.28
11.83,65.89
11.76,65.9
11.82,66.02
11.78,66.45
11.8,65.75
11.8,65.61
11.8,66.29
11.84,65.68
11.82,66.49
11.84,65.86
11.82,66.09
11.76,65.61
11.75,65.79
11.75,66.2
11.82,66.16
11.83,65.56
11.83,66.17
11.83,66.14
11.78,65.67
11.77,65.9
11.81,66.21
11.8,66.03
11.79,65.68
11.83,65.74
11.8,66.17
11.81,65.77
11.81,65.82
11.75,66.15
11.79,65.68
11.79,66.19
11.93,65.56
11.91,65.51
11.88,66.28
11.87,66.15
11.89,66.46
11.88,65.81
11.93,66.38
11.89,65.57
11.85,65.56
11.88,65.62
11.94,66.28
11.9,66.33
11.94,65.76
11.92,66.08
11.95,66.35
11.88,66.15
11.88,65.87
11.89,66.19
11.86,65.7
11.9,66.11
11.91,65.94
11.87,65.87
11.9,66.46
11.93,66.09
11.9,65.62
11.93,65.51
11.9,65.66
11.92,65.95
11.9,66.4
11.87,66.48
11.91,65.88
11.88,66.14
12.02,66.45
12.01,65.77
11.96,65.96
11.99,66.37
11.99,65.53
12.01,66.23
12.04,66.41
11.98,66.45
11.97,66.15
12.02,66.16
12.01,66.18
11.97,65.87
12,66.46
12.03,65.76
12,65.6
12.03,66.37
11.97,65.67
12,65.91
11.98,66.34
11.97,66.27
11.99,65.84
11.96,65.99
12,66.39
12.04,65.78
12.05,65.75
11.97,65.55
11.99,66.32
12,66.42
11.96,66.29
12.03,66.34
11.95,66.35
11.96,65.65
11.97,65.83
11.99,65.53
12.04,65.55
12,65.64
11.97,65.89
12.04,65.84
12.01,66.27
11.98,65.87
11.95,66.1
11.97,66.33
12.14,65.54
12.13,65.75
12.08,65.52
12.08,66.29
12.11,65.64
12.13,65.75
12.05,66.07
12.09,65.77
12.06,65.76
12.12,66.08
12.08,66.47
12.12,66.09
12.09,66.08
12.14,66.49
12.11,65.51
12.11,65.74
12.1,66.38
12.1,65.68
12.11,65.65
12.07,65.64
12.14,66.19
12.07,65.92
12.16,66.31
12.18,65.52
12.2,66.33
12.16,66.4
12.24,66.33
12.23,65.89
12.24,66.37
12.2,65.63
12.17,65.78
12.21,65.82
12.21,65.63
12.16,65.78
12.22,66.11
12.17,65.86
12.18,66.01
12.19,66.24
12.23,65.51
12.21,65.51
12.18,65.67
12.23,66.32
12.15,65.85
12.2,65.73
12.16,66.16
12.28,66.24
12.27,66.41
12.32,65.82
12.29,66.31
12.33,66.06
12.35,65.72
12.32,65.82
12.27,65.77
12.33,65.61
12.26,65.62
12.42,65.61
12.42,66.21
12.4,66.11
12.44,66.27
12.42,65.56
12.44,66.46
12.44,66.37
12.45,65.94
12.51,66.21
12.45,66.35
12.72,66.46
12.78,66.02
12.98,65.52
12.98,65.9
12.99,65.52
13.18,66.04
10.47,67.47
10.73,66.73
10.76,66.79
10.77,66.77
10.94,67
10.93,66.88
10.93,66.65
10.92,66.64
11.01,67.45
11.04,67.42
10.97,67.46
10.99,66.98
10.98,67.36
10.97,67.23
11.03,67.09
11.03,67.39
11.04,67.39
10.99,67.45
11.06,66.61
11.12,67.25
11.09,67.47
11.13,67.43
11.06,67.31
11.13,66.56
11.1,66.85
11.21,67.34
11.17,66.81
11.22,67.33
11.15,66.79
11.2,67.36
11.21,67.15
11.23,66.82
11.23,66.54
11.16,66.66
11.19,66.87
11.2,67.43
11.21,67.46
11.2,67.14
11.18,66.84
11.2,66.81
11.25,66.59
11.22,67.39
11.2,66.94
11.24,66.77
11.17,66.72
11.35,67.15
11.31,66.71
11.35,66.99
11.29,67.04
11.31,66.59
11.33,67.35
11.33,66.77
11.31,66.98
11.32,67.39
11.27,66.65
11.3,66.99
11.31,66.77
11.25,66.71
11.29,67.4
11.35,66.62
11.28,66.8
11.27,66.72
11.31,67.11
11.31,66.65
11.25,66.95
11.25,66.71
11.3,67.23
11.32,67
11.32,67.25
11.41,66.85
11.45,66.52
11.44,66.91
11.39,67.05
11.44,67.34
11.36,67.18
11.41,67.03
11.38,67.26
11.42,66.58
11.37,66.59
11.45,67.38
11.38,67.12
11.37,66.67
11.45,66.57
11.38,67.46
11.4,66.54
11.37,66.9
11.44,66.84
11.42,67.13
11.38,66.89
11.43,66.74
11.38,67.27
11.49,66.57
11.52,67.12
11.53,66.89
11.48,66.86
11.54,67.41
11.52,66.93
11.51,66.72
11.54,66.5
11.52,67.15
11.53,66.57
11.48,66.73
11.54,67.1
11.5,66.87
11.47,66.7
11.45,67.41
11.53,67.25
11.51,66.98
11.52,67.05
11.49,66.81
11.45,66.87
11.49,67.26
11.47,67.12
11.55,66.83
11.46,66.7
11.55,66.7
11.46,67.36
11.52,66.66
11.55,67.19
11.52,66.81
11.55,66.65
11.49,67.44
11.52,67.35
11.5,66.96
11.55,66.63
11.64,66.92
11.64,66.93
11.56,67.34
11.64,66.65
11.61,66.59
11.57,66.77
11.58,66.83
11.6,66.77
11.58,66.68
11.61,67.09
11.57,66.86
11.6,67.24
11.63,67.39
11.62,66.68
11.58,67.29
11.58,66.98
11.6,67.45
11.64,66.82
11.57,67.1
11.59,67.06
11.59,66.89
11.61,66.71
11.65,66.58
11.58,67.04
11.61,66.94
11.59,66.53
11.59,66.77
11.57,67.21
11.64,66.82
11.62,67.35
11.61,66.62
11.59,67.11
11.61,67.17
11.63,67.4
11.57,67.07
11.63,66.79
11.57,66.95
11.58,66.86
11.71,67.14
11.73,67.2
11.67,67.33
11.65,66.59
11.66,66.55
11.75,67.36
11.73,67.02
11.69,67.13
11.75,66.99
11.7,67.17
11.69,67.29
11.74,66.8
11.66,66.89
11.71,66.81
11.67,66.67
11.66,67.1
11.69,66.89
11.66,67.23
11.67,67.25
11.69,67.45
11.7,67.1
11.75,67.4
11.66,67.07
11.73,66.57
11.68,67.37
11.69,67.17
11.7,66.88
11.71,67.25
11.67,66.9
11.7,66.88
11.71,66.76
11.74,66.53
11.73,66.66
11.67,67.09
11.7,66.57
11.68,67.02
11.66,66.91
11.68,66.59
11.73,67.27
11.67,67.46
11.73,66.95
11.74,66.66
11.75,67.16
11.71,67.03
11.66,66.64
11.83,66.58
11.77,66.6
11.84,66.63
11.81,66.77
11.75,66.7
11.81,66.86
11.85,67.44
11.84,67.34
11.83,67.45
11.85,66.88
11.76,67.11
11.75,67.13
11.81,66.8
11.82,67.23
11.82,67.49
11.82,67.37
11.85,66.96
11.77,66.97
11.81,67.19
11.78,67.14
11.84,66.54
11.76,66.89
11.79,67.05
11.79,67.46
11.82,66.99
11.75,66.82
11.79,66.83
11.75,67.11
11.77,67.31
11.84,67.09
11.85,67.35
11.81,67.19
11.76,67.46
11.83,67.18
11.95,67.5
11.87,67.23
11.88,67.34
11.9,67.36
11.9,66.78
11.86,67.08
11.87,66.82
11.89,66.54
11.9,67.46
11.93,67.27
11.91,66.85
11.89,66.69
11.88,66.63
11.87,66.82
11.91,66.73
11.85,66.67
11.94,67.43
11.89,67.49
11.89,67.18
11.95,66.63
11.92,67.09
11.91,67.39
11.9,66.57
11.93,67.46
11.93,66.85
11.91,66.97
11.92,67.25
11.88,66.62
11.92,66.85
11.92,67.03
11.9,66.64
11.92,67.18
11.94,67
11.9,66.61
11.87,66.79
12.04,66.83
11.98,66.79
12.02,67.26
12.05,66.95
11.99,66.53
12.01,66.82
11.95,66.97
11.99,67.24
12.01,67.4
12,66.55
12.04,67.04
12.04,67.03
11.95,67.42
12,66.99
11.97,66.61
12.02,66.51
12,67.26
12,66.78
11.95,67.16
11.95,66.72
11.99,66.86
11.97,67.44
11.97,67.34
11.96,66.58
11.96,67.12
12.04,66.97
12.02,66.86
11.95,67.32
12,66.92
12,67.37
11.95,67.19
12.03,67.27
11.99,67.08
12.04,67.14
12.04,66.69
12,67.46
11.99,66.66
12.03,67.31
11.99,66.62
12.13,67.38
12.1,67.28
12.13,66.95
12.06,67.13
12.14,66.75
12.11,67.12
12.12,66.53
12.14,67.21
12.06,66.64
12.11,66.5
12.07,66.92
12.1,66.65
12.07,66.6
12.11,66.97
12.07,66.88
12.14,67.45
12.1,67.41
12.12,67.47
12.11,67.02
12.15,66.57
12.07,67.13
12.11,66.9
12.15,67.25
12.09,67.16
12.09,66.78
12.11,66.54
12.06,67.33
12.11,66.75
12.24,66.9
12.24,67.3
12.17,67.02
12.24,67.44
12.18,66.54
12.22,66.8
12.19,67
12.2,66.76
12.16,66.95
12.25,66.83
12.22,66.7
12.2,67.46
12.2,67.33
12.25,67.14
12.15,67.3
12.24,67.38
12.2,67.01
12.34,66.51
12.33,66.84
12.26,66.66
12.3,67.21
12.32,67.21
12.31,66.68
12.26,67.45
12.28,67.32
12.3,67.1
12.3,66.81
12.31,66.68
12.26,66.72
12.32,67
12.37,67.32
12.43,67.42
12.38,67.41
12.43,66.6
12.36,66.83
12.43,67.02
12.35,67.02
12.44,67.16
12.43,66.56
12.38,66.71
12.39,67.34
12.4,66.84
12.55,67.42
12.47,67
12.49,67.06
12.52,66.78
12.46,66.83
12.46,67.4
12.49,67.37
12.54,67.27
12.54,67.1
12.5,67.5
12.53,66.7
12.54,66.6
12.58,66.76
12.62,67.13
12.61,67.13
12.73,66.56
12.65,66.54
12.67,66.75
12.73,66.88
12.66,66.56
12.74,67.1
12.69,66.89
12.84,66.86
12.79,67.34
12.87,67.39
13.08,67.32
13.2,66.8
10.67,67.73
10.71,67.96
10.82,68.42
10.88,68.42
10.99,67.7
10.96,68.36
10.96,68.15
11.03,68.14
10.97,67.55
10.98,67.58
11.12,68.38
11.1,67.62
11.11,67.58
11.14,68.27
11.24,68.13
11.23,68.16
11.17,68.05
11.19,68.21
11.34,68.25
11.34,68.15
11.25,67.84
11.32,68.12
11.31,68.02
11.28,68.19
11.26,67.83
11.38,68.19
11.42,67.68
11.39,68.19
11.43,68.03
11.4,68.06
11.41,67.52
11.4,67.69
11.41,67.67
11.37,68.17
11.38,67.93
11.54,68.32
11.48,67.66
11.45,67.75
11.52,68.12
11.48,67.66
11.46,68.04
11.46,68.3
11.53,67.89
11.52,67.87
11.55,67.55
11.48,68.4
11.53,68.14
11.47,68.37
11.54,67.79
11.49,67.88
11.48,68.19
11.52,67.85
11.45,68.41
11.51,67.88
11.52,67.84
11.5,67.85
11.51,67.57
11.46,67.62
11.48,67.94
11.51,68.1
11.58,67.62
11.58,68.47
11.6,68.3
11.57,68.04
11.63,67.99
11.56,68.41
11.63,68.23
11.58,67.83
11.63,67.82
11.62,68.32
11.56,68.2
11.59,68.5
11.57,67.56
11.63,68.12
11.58,67.84
11.61,67.83
11.63,67.84
11.63,67.97
11.56,67.83
11.6,67.58
11.64,68.01
11.61,68.2
11.6,68.21
11.63,68.29
11.59,67.53
11.58,68.33
11.62,67.75
11.71,67.54
11.66,68.5
11.68,67.94
11.71,68.25
11.73,68.42
11.72,68.49
11.7,67.54
11.72,67.72
11.7,68.35
11.73,68.41
11.73,68.45
11.67,68.39
11.71,68.07
11.67,68.21
11.66,68.47
11.74,67.67
11.72,67.92
11.67,68.02
11.68,68.33
11.72,68.15
11.65,68.38
11.71,67.63
11.65,68.39
11.67,67.74
11.82,68.18
11.82,68.47
11.77,68
11.84,68.37
11.76,67.92
11.82,67.87
11.78,67.52
11.8,68.4
11.76,67.94
11.81,68.4
11.76,67.65
11.84,68.1
11.85,67.69
11.81,68.34
11.79,67.53
11.77,68.19
11.76,68.36
11.76,68.02
11.8,68.22
11.78,68.38
11.75,67.69
11.83,68.17
11.78,68.33
11.78,68.19
11.83,67.74
11.76,67.94
11.82,67.84
11.82,68.19
11.76,67.59
11.94,67.62
11.91,68.11
11.87,68.29
11.91,67.53
11.87,68.14
11.85,67.71
11.93,67.8
11.91,68.15
11.95,67.77
11.89,67.87
11.87,67.58
11.87,67.86
11.91,68.41
11.9,67.77
11.87,68.14
11.92,67.68
11.95,67.95
11.95,67.56
11.91,67.75
12,67.99
11.97,68.09
11.98,67.66
12,67.92
12.03,68.04
11.97,68.29
12.02,67.79
11.99,67.83
11.97,68.48
11.98,67.67
11.97,68.25
12.02,67.95
12,67.87
11.96,68.45
11.96,67.96
11.98,67.62
11.99,67.65
12.04,67.67
12.05,67.72
11.96,68.24
11.98,68.32
11.99,67.75
12.07,67.51
12.11,67.9
12.06,67.62
12.11,67.7
12.07,68.44
12.08,68.1
12.12,67.74
12.13,68.41
12.08,68.42
12.11,68.48
12.13,67.94
12.08,68.41
12.14,67.95
12.13,68.21
12.05,67.68
12.19,67.9
12.22,68.44
12.19,68.41
12.2,67.7
12.25,67.91
12.25,67.51
12.19,67.54
12.18,67.61
12.19,68.09
12.25,68.33
12.21,68.41
12.22,67.56
12.23,67.87
12.16,67.89
12.2,67.8
12.19,67.6
12.28,68.02
12.27,68.18
12.26,68.42
12.3,68.03
12.28,68.2
12.25,67.68
12.26,68.45
12.34,67.96
12.29,67.96
12.34,67.58
12.29,67.55
12.27,67.7
12.26,67.91
12.34,68.2
12.3,67.87
12.26,67.5
12.33,67.78
12.26,67.8
12.35,68.16
12.29,68.38
12.41,67.68
12.37,67.76
12.36,68.33
12.42,68.34
12.55,67.59
12.47,67.82
12.52,67.64
12.51,68.09
12.52,68.04
12.46,68.41
12.48,68.31
12.51,68.34
12.46,68.14
12.52,67.67
12.49,67.92
12.56,68.08
12.55,67.78
12.61,68
12.59,68.41
12.61,67.73
12.7,68
12.67,68.03
12.65,67.66
12.73,68.49
12.67,67.98
12.85,67.79
12.82,67.82
12.79,67.57
12.86,68.23
12.92,68.37
13.02,68.41
13.06,67.61
10.52,69.21
10.57,69.46
11.09,69.3
11.23,69.42
11.26,69.23
11.26,68.54
11.36,69
11.4,68.61
11.44,69.01
11.36,69.04
11.44,68.67
11.37,69.07
11.42,69.36
11.38,68.85
11.36,68.56
11.42,68.95
11.35,69
11.49,69.07
11.46,68.84
11.54,69.14
11.48,69.23
11.52,69.06
11.55,69.15
11.49,68.77
11.51,69.29
11.47,68.97
11.52,69.01
11.55,68.82
11.61,68.54
11.58,69.11
11.62,69.44
11.64,69
11.58,69.12
11.61,69.39
11.57,69.1
11.56,68.55
11.64,69.25
11.64,69.43
11.64,69.36
11.62,69.28
11.72,69.49
11.68,69.05
11.75,68.82
11.69,69.33
11.73,68.79
11.73,69.29
11.73,69.15
11.72,69.28
11.67,69.36
11.83,68.68
11.78,69
11.84,69.38
11.84,69.26
11.78,68.54
11.76,68.95
11.83,69.16
11.83,69.33
11.82,69.07
11.79,69.1
11.91,68.76
11.94,68.64
11.92,69.04
11.87,68.54
11.93,69.42
11.9,68.61
11.87,68.78
11.88,69.4
11.89,69.42
11.94,69.27
12,68.96
11.96,68.9
11.98,68.86
12.02,68.73
11.98,69.28
11.95,69.21
11.95,68.52
12.03,69.49
12,69.48
11.96,69.04
11.95,68.83
12.02,68.76
12.04,68.82
11.96,68.72
12.01,69.18
12.04,68.67
12.12,68.66
12.13,68.59
12.13,69.36
12.08,69.23
12.09,68.62
12.06,68.72
12.06,68.58
12.05,69.45
12.1,68.58
12.05,68.9
12.09,68.67
12.06,69.22
12.13,68.91
12.13,68.99
12.14,68.58
12.08,69.46
12.11,68.85
12.12,69
12.08,68.72
12.07,68.89
12.13,69.07
12.13,68.58
12.12,68.93
12.13,68.52
12.11,69.25
12.13,68.7
12.1,68.92
12.2,69.44
12.22,68.83
12.22,68.62
12.17,69.24
12.21,68.67
12.21,69.21
12.19,69.24
12.24,69.41
12.23,68.75
12.2,68.55
12.2,69.21
12.33,68.58
12.28,68.89
12.28,68.79
12.27,69.25
12.31,68.66
12.35,68.9
12.34,68.6
12.35,69.17
12.27,68.9
12.26,69.38
12.26,68.63
12.33,68.54
12.27,68.88
12.3,68.64
12.27,68.58
12.26,69.32
12.3,69
12.34,68.64
12.34,69.19
12.27,69.23
12.31,68.78
12.32,69.5
12.26,69.13
12.35,69.14
12.42,68.62
12.4,69.26
12.42,68.76
12.36,69.38
12.41,69.48
12.39,68.97
12.52,68.7
12.5,69.03
12.48,69.3
12.48,69.38
12.48,68.91
12.48,69.46
12.5,68.88
12.5,68.53
12.56,69
12.59,69.49
12.65,68.5
12.62,69.45
12.56,68.6
12.63,68.56
12.62,68.87
12.73,69.37
12.73,68.57
12.66,69.16
12.69,69.04
12.71,69.06
12.83,69.28
12.89,69.14
12.88,68.94
13.2,69.28
11.49,70.35
11.54,69.8
11.56,69.99
11.58,70.1
11.71,70.5
11.68,69.64
11.71,69.88
11.68,70.03
11.74,70.07
11.69,69.99
11.73,70.36
11.73,69.54
11.7,70.07
11.82,70.09
11.84,70.34
11.85,70.19
11.82,70.08
11.83,69.85
11.87,69.84
11.92,69.78
11.91,70.04
11.89,70.02
11.88,69.69
11.93,69.8
11.88,69.72
11.93,69.55
11.88,70.35
12.01,69.88
11.98,69.91
12.02,70.23
11.98,69.58
12.03,69.59
11.97,69.89
11.99,69.82
11.97,70.37
12.06,69.87
12.07,70.42
12.1,69.65
12.1,69.64
12.13,69.58
12.08,70.13
12.09,69.89
12.09,69.54
12.09,70.4
12.09,70.13
12.23,70.02
12.21,70.36
12.21,70.29
12.23,70.39
12.16,69.57
12.15,70.08
12.19,70.31
12.15,69.65
12.29,69.81
12.28,70.27
12.27,69.96
12.29,69.55
12.33,70.26
12.34,69.73
12.39,70.09
12.39,70.29
12.42,69.56
12.43,70.21
12.38,70.32
12.39,70.03
12.41,69.99
12.54,70.45
12.53,69.65
12.54,69.83
12.55,70.01
12.51,69.65
12.52,70.45
12.64,70.47
12.63,69.66
12.63,70.26
12.6,69.84
12.63,70.06
12.58,69.87
12.63,70.17
12.55,69.81
12.65,69.82
12.66,69.71
12.75,69.9
12.67,70.05
12.67,69.99
12.69,69.6
12.71,70.01
12.75,70.33
12.81,70.34
12.77,69.84
12.78,69.93
12.81,69.91
12.82,69.94
12.79,70.12
12.83,69.69
12.82,69.54
12.96,70.47
11.63,70.9
11.57,71.37
11.74,71.49
11.74,71.39
11.84,71.22
11.9,71.47
11.9,70.71
11.87,70.61
12.04,70.88
11.98,71.18
12.08,71.34
12.14,71.4
12.12,70.6
12.12,70.86
12.22,71.22
12.28,71.2
12.3,71.08
12.32,70.68
12.3,70.83
12.28,70.67
12.38,70.94
12.5,70.82
12.51,70.62
12.46,71.33
12.52,71.31
12.55,71.49
12.46,71.5
12.48,71.06
12.45,70.85
12.57,71.32
12.61,70.88
12.6,70.62
12.63,70.51
12.57,70.78
12.6,70.51
12.72,71.36
12.66,70.6
12.79,71.4
12.83,71.47
12.82,70.87
12.78,71.04
12.81,71.34
12.89,70.68
13.24,70.95
13.2,70.57
13.19,70.78
11.86,71.62
11.97,71.53
11.99,71.87
12.08,72.2
12.25,72.13
12.57,72.06
12.63,72.08
12.65,71.93
12.66,71.51
12.72,71.53
12.83,72.26
12.82,71.5
12.76,71.7
12.89,71.89
12.99,71.93
13,72.13
13.3,71.82
11.64,73.26
12.49,73.42
12.52,73.2
12.59,72.66
12.8,72.62
13.05,73.25
13.54,73.29
12.44,74.26
12.59,74.13
12.84,73.95
13.31,74.05
11.2,76.74
