"age","net","gun","sex","year","previous","nruns"
43,64.93,64.93,"F",2005,2,3
21,85.47,89.27,"F",2004,0,3
57,NA,98.12,"M",2007,1,3
46,85.1,86.35,"M",2004,5,6
61,112.2,113.8,"F",2006,1,3
34,74.7,79.02,"M",2002,0,3
38,86.58,87.47,"M",2003,2,3
48,95.38,101.7,"F",2003,0,5
44,NA,82.08,"M",2008,3,4
29,131.6,137.2,"F",2002,1,5
40,66.42,66.97,"M",2003,2,4
27,87.98,93.88,"M",2001,0,4
31,79.23,79.93,"F",2000,1,4
25,89.18,90.58,"F",2005,0,3
54,96.17,101.8,"M",2004,2,3
40,67.08,67.2,"M",2003,2,7
28,89.8,94.05,"F",2006,0,3
43,96.1,98.18,"F",2005,2,3
29,NA,83.95,"F",2007,2,3
26,109.9,113.5,"F",2006,1,4
28,124.8,128.6,"M",2002,0,3
56,97.22,101.2,"M",2006,0,3
26,111.2,114.4,"F",2004,1,4
46,95.02,95.83,"M",2003,0,3
54,68.58,69.02,"M",2006,5,6
46,73.7,74.15,"M",2002,1,6
49,112.5,121.6,"F",2006,0,3
49,74.83,75.72,"M",2006,3,6
50,NA,108.7,"M",2007,5,7
40,95.05,99.53,"F",2001,0,3
31,84.22,87.82,"M",2003,1,7
30,98.63,102.4,"F",2004,1,4
50,NA,83.53,"M",2008,3,4
61,NA,78.58,"M",2008,2,3
38,97.32,100.9,"F",2003,2,5
50,86.02,87.37,"F",2005,5,9
39,NA,87.38,"F",1999,0,3
73,94.33,94.52,"M",2000,1,4
23,NA,110.7,"F",2008,2,3
33,92.27,97.85,"F",2004,3,6
55,85.17,86.43,"M",2001,0,3
25,101.3,106,"F",2002,0,3
35,70.33,70.75,"M",2000,0,3
30,100.2,103.9,"F",2005,1,3
28,100.1,106.3,"F",2004,1,3
26,NA,71.22,"F",2007,1,3
58,96.22,97.22,"M",2005,5,7
38,88.02,89.58,"F",2005,2,4
44,74.08,74.62,"M",2004,4,6
30,92.48,98.93,"M",2006,1,3
32,93.9,95.9,"F",2000,1,7
62,NA,85.68,"M",2007,5,7
25,NA,80.12,"M",2007,2,4
60,69.92,69.93,"M",2006,1,3
36,81.38,86.2,"M",2005,3,4
53,93.13,97.6,"M",2003,1,3
48,106.7,106.7,"F",2001,2,7
28,90.55,93.2,"F",2005,1,3
34,NA,80.32,"M",2007,2,3
28,NA,87.3,"F",2008,4,5
44,78.6,79.57,"M",2003,0,3
37,NA,50.27,"M",2007,5,6
53,NA,76.8,"M",1999,0,6
32,NA,101.4,"F",2008,3,4
50,93.42,97.27,"M",2001,0,5
25,86.98,88.52,"M",2006,2,4
52,86.08,92.15,"M",2006,2,4
48,NA,103,"M",2008,3,4
44,NA,77.42,"M",1999,0,4
34,68.4,68.88,"F",2002,0,3
33,NA,82.23,"M",2007,4,5
40,113.2,119.3,"F",2001,0,4
33,92.65,96.78,"M",2000,1,7
59,NA,106.3,"M",2008,5,6
41,81.83,84.7,"F",2001,1,5
57,78.02,78.68,"M",2005,3,5
63,127.5,129.4,"M",2006,2,4
27,97.48,103.3,"M",2003,1,3
56,NA,79.72,"F",2007,4,6
43,80.18,80.72,"M",2001,2,8
49,NA,74.35,"M",1999,0,3
53,NA,83.15,"M",2008,2,3
44,112.9,117.3,"F",2004,2,4
35,93.45,96.1,"M",2006,2,4
44,72.57,73.88,"M",2006,5,7
27,NA,103.2,"F",1999,0,7
62,84.87,85.93,"M",2001,1,4
30,70.47,71.23,"M",2002,1,3
43,NA,90.82,"M",2008,2,3
40,104.6,109,"M",2001,1,3
38,NA,96.72,"M",2008,2,3
26,86.62,92.68,"M",2005,0,4
32,84.37,86.9,"M",2002,0,3
32,98.82,104.2,"F",2003,1,4
26,93.45,95.27,"M",2006,0,3
55,95.65,100.9,"M",2002,1,3
29,80.08,81.42,"F",2005,2,4
52,84.5,88.73,"M",2003,1,3
51,91.6,94.57,"M",2004,4,7
32,86.95,87.9,"F",2004,0,3
52,103.3,106.9,"F",2005,2,6
34,108.5,115.5,"M",2005,2,3
48,NA,94.68,"F",2007,2,3
51,81.78,82.67,"M",2000,0,5
32,82.38,83.45,"F",2002,0,3
50,97.03,104.2,"M",2005,0,3
48,82.55,84.27,"M",2001,2,5
55,NA,111.6,"M",1999,0,3
51,NA,90.27,"F",1999,0,5
35,82.78,84.35,"M",2006,0,3
40,99.93,105.1,"M",2004,1,3
31,92.62,94.9,"F",2002,0,5
40,83.15,84.75,"M",2006,4,6
44,78.22,78.72,"F",2003,3,6
31,91.82,93.22,"F",2003,1,3
27,79.32,85.93,"M",2003,0,5
37,NA,89.82,"M",2008,3,4
50,88.2,88.45,"M",2002,1,4
36,69.6,70.12,"M",2005,3,6
32,108.2,114.8,"M",2002,0,4
55,86.47,89.3,"M",2005,0,3
38,99.4,108.9,"M",2001,0,5
41,95.97,103.3,"F",2004,0,4
66,NA,96.82,"M",2008,7,8
38,NA,71.45,"M",2008,7,8
41,NA,69.35,"F",2008,3,4
51,95.83,102.9,"M",2004,0,4
33,86.2,87.75,"F",2005,1,4
31,56.92,56.97,"M",2004,1,4
53,90.5,92.98,"M",2000,0,6
53,83.6,83.68,"M",2003,1,7
54,79.92,81.68,"M",2001,2,6
44,114.5,123,"F",2006,1,4
31,99.27,101.7,"F",2001,2,9
40,79.75,80.73,"M",2002,2,3
54,96.6,99.38,"M",2001,1,6
33,86.57,100.4,"F",2001,1,3
45,88.93,88.93,"M",2005,6,10
41,NA,83.38,"F",1999,0,5
71,82.47,82.57,"M",2001,2,3
27,58.08,58.1,"M",2006,3,5
47,62.92,63.07,"M",2005,1,3
31,98.82,104.6,"F",2002,1,3
31,91.4,95.47,"M",2002,1,3
41,102.1,107.9,"M",2001,1,3
44,108.5,113.2,"F",2000,1,3
43,84.27,89.17,"M",2004,1,5
67,97.85,103.9,"M",2003,4,7
45,NA,90.25,"F",2008,2,3
29,82.95,83.85,"F",2005,3,7
29,75.12,75.87,"M",2002,0,3
29,NA,75.23,"M",2008,1,3
30,NA,110.1,"F",2008,2,3
32,111.2,119.2,"M",2006,0,3
21,NA,98.68,"F",2008,2,3
48,NA,84.33,"F",1999,0,3
57,114.5,124,"F",2006,1,4
43,66.58,66.85,"M",2004,3,7
39,99,103,"M",2001,1,4
31,NA,102.2,"F",2007,2,3
59,80.93,82.67,"M",2004,3,7
27,86.83,89.98,"M",2001,1,5
26,NA,92.63,"F",2007,2,3
28,105.9,110.5,"F",2002,0,3
40,62.55,62.67,"M",2003,1,3
47,NA,76.43,"M",2007,6,7
35,107.9,109.5,"F",2001,0,3
50,70.7,70.93,"M",2003,4,8
56,82.02,83.02,"M",2005,4,7
34,NA,88.93,"M",1999,0,7
40,NA,77,"M",2008,7,8
60,113.5,114.8,"F",2003,2,3
52,75.57,76.47,"M",2004,0,5
52,NA,94.57,"M",1999,0,4
36,93.45,95.13,"F",2003,2,4
31,NA,92.87,"F",2007,1,3
34,78.62,79.47,"M",2002,0,5
47,124,127.9,"F",2004,2,4
46,65.42,65.55,"M",2004,2,5
48,NA,104.9,"M",1999,0,4
45,NA,97.22,"M",2008,5,6
34,91.4,97.32,"M",2002,0,3
61,NA,116.5,"M",2008,4,5
47,NA,95.58,"M",1999,0,4
41,95.8,103.1,"M",2005,2,3
49,93.53,95.12,"F",2003,2,3
37,79.2,80.53,"F",2000,1,4
25,88.98,91.23,"F",2003,1,3
49,NA,104.5,"M",1999,0,4
28,76.1,77.55,"M",2005,0,3
36,71.08,71.58,"M",2004,2,3
33,87.63,90.75,"F",2003,3,6
35,89.48,92.58,"F",2000,0,4
35,NA,107.2,"M",2007,3,5
39,71.82,72.3,"M",2002,2,5
27,89.95,91.55,"F",2000,1,3
31,99.32,102.9,"F",2006,2,3
42,79.97,80.57,"F",2002,0,3
37,NA,62.88,"M",2008,4,5
25,83.35,84.53,"F",2005,2,4
43,108.4,112.5,"F",2000,1,3
40,70.15,70.7,"M",2001,1,7
31,NA,83.83,"M",2007,1,3
53,89.72,93.65,"F",2005,2,3
36,105.4,107.2,"F",2000,0,3
58,86.45,86.93,"M",2001,2,5
53,105.6,108.2,"M",2003,3,4
23,107.8,109.7,"F",2005,2,3
48,NA,66.68,"M",2007,5,7
47,113.6,114.6,"F",2005,2,5
28,107.6,116.7,"F",2006,2,3
43,68.42,68.73,"F",2005,1,4
42,73.42,76.47,"M",2005,1,3
35,98.67,103,"M",2003,2,3
31,97.28,98.97,"F",2002,3,4
41,NA,69.57,"M",1999,0,3
47,95.27,98.2,"M",2002,0,5
56,80.22,81.73,"M",2004,2,3
32,80.9,82.5,"M",2002,0,3
45,70.83,71.25,"M",2001,1,5
45,76.2,76.67,"M",2001,2,4
42,NA,90.45,"F",2007,3,4
29,70.92,71.17,"M",2002,1,3
44,94.42,103.4,"F",2001,2,4
24,82.5,84.12,"F",2001,0,4
33,104.3,108,"F",2000,0,3
45,129,136.4,"F",2004,2,3
25,98.7,105,"F",2006,0,3
33,75.85,77.93,"F",2003,1,3
43,93.52,102.3,"F",2006,0,3
44,87,90.92,"M",2000,0,6
54,109,113.5,"F",2003,1,3
49,82.97,83.47,"M",2004,2,3
33,90.02,91.82,"M",2003,0,3
55,74.33,74.72,"M",2000,0,8
34,79.53,84.72,"M",2005,3,5
32,70.55,71.18,"M",2000,0,4
40,70.77,71.22,"M",2005,2,4
30,100.4,103.5,"M",2003,0,4
39,101.1,101.1,"F",2002,1,4
34,102.5,105.2,"F",2004,5,9
50,118.5,126.2,"F",2006,5,7
29,79.17,80.85,"F",2002,0,3
41,NA,80.02,"M",1999,0,8
38,95.3,95.3,"M",2002,0,3
56,84.27,85.22,"M",2000,1,9
48,NA,77.43,"M",2008,4,5
33,91.67,96.33,"M",2004,2,7
32,NA,93.68,"F",2007,2,4
56,NA,83.97,"M",2008,9,10
51,91.87,93.35,"F",2001,2,6
41,74.02,75.03,"M",2003,2,3
49,NA,77.65,"M",2007,2,4
40,81,81.82,"M",2002,0,3
28,80.95,83.93,"M",2002,0,5
48,79.07,80.1,"M",2003,3,8
33,79,82.37,"F",2002,2,3
48,78.03,78.52,"M",2000,1,4
46,96.02,99.67,"F",2004,1,5
51,102.9,106.3,"M",2003,4,8
52,NA,100,"M",2007,3,4
32,NA,83.4,"M",2008,2,3
48,113,121.1,"F",2005,4,7
26,84.58,87.87,"F",2004,0,5
50,76.8,79.7,"M",2003,0,3
43,97.77,99.72,"F",2004,2,4
60,86.05,88.02,"M",2002,2,8
37,99.75,104.7,"F",2001,2,6
53,85.78,86.22,"F",2006,2,3
59,68.62,68.8,"M",2004,3,7
64,84.08,84.23,"M",2005,3,6
47,77.07,78.33,"M",2004,0,3
40,70.53,71.55,"M",2003,1,6
41,98.85,102.3,"F",2005,3,4
38,NA,92.02,"F",2008,3,4
29,80.25,82.57,"M",2002,1,3
35,NA,97.7,"F",2007,2,4
25,101.2,103.4,"F",2004,1,3
39,85.78,87,"M",2000,1,4
32,NA,105.4,"F",2008,5,6
37,69.73,69.73,"M",2005,5,6
65,113.8,117.9,"M",2002,1,3
30,95.37,100.7,"M",2003,1,3
47,NA,93.62,"F",2007,6,8
39,77.65,78.58,"F",2005,5,6
28,90.77,96.95,"F",2006,2,4
29,102.4,111.6,"F",2006,0,3
43,111,112.8,"F",2004,1,3
51,79.87,79.87,"M",2003,3,9
41,88.42,94.15,"M",2005,2,5
58,NA,93.32,"F",1999,0,3
50,NA,88.23,"F",2008,5,6
32,NA,89.32,"F",2008,2,3
31,NA,97.43,"F",2007,1,3
45,NA,96.37,"M",1999,0,9
40,86.9,87.75,"M",2000,1,3
28,NA,67.35,"M",2008,3,4
43,NA,101.3,"F",1999,0,3
34,62.65,62.93,"M",2002,2,3
28,61.05,61.13,"M",2006,2,3
59,NA,103.9,"M",1999,0,6
45,80.9,80.9,"F",2004,1,3
55,64.83,64.95,"M",2002,3,10
26,110.1,115.4,"F",2003,1,4
37,98.42,102.1,"F",2000,0,4
47,88.22,90.2,"M",2000,1,3
36,86.72,91.72,"M",2004,0,4
40,88.98,90.28,"M",2004,4,5
52,NA,85.13,"M",1999,0,9
24,84.03,87.95,"M",2006,1,4
33,87.93,88.37,"M",2005,2,3
34,78.28,78.77,"F",2000,0,4
56,113.2,113.2,"M",2005,4,5
28,86.18,89.97,"M",2001,0,4
25,NA,103.3,"F",2008,2,3
50,78.52,81.13,"M",2004,2,5
29,NA,96.12,"F",1999,0,3
40,72.2,73.45,"M",2005,2,4
37,87.37,89.88,"M",2001,1,4
33,117.8,118.9,"F",2001,0,3
41,79.22,80.13,"M",2005,1,3
21,77.7,78.92,"F",2000,0,6
65,106.6,111.2,"M",2004,2,5
38,79.52,85.05,"M",2001,1,3
28,NA,83.07,"M",2008,4,5
38,121.6,126,"F",2004,1,3
52,107.9,107.9,"F",2005,1,3
28,NA,97.98,"M",2008,2,3
61,116.3,118.7,"M",2000,1,5
42,92.17,94.88,"F",2001,0,3
35,97.25,98.68,"F",2005,0,3
37,100.6,106.8,"F",2004,2,3
30,101.9,105.2,"M",2004,0,3
39,NA,134.7,"M",2007,1,3
30,104.6,112.2,"F",2006,2,3
58,NA,83.68,"M",1999,0,3
28,99.68,104.5,"M",2002,2,4
32,66.05,66.7,"M",2002,2,3
51,78.45,80.68,"M",2001,0,3
33,NA,79.52,"F",2008,3,4
35,69.08,69.37,"M",2003,1,3
63,108.4,111.5,"M",2003,3,8
54,80.83,82.62,"F",2003,2,5
30,NA,119.5,"F",1999,0,3
51,85.7,87.98,"M",2002,3,6
66,124.1,124.1,"M",2005,5,6
52,86.47,88.48,"F",2005,2,3
42,70.4,70.95,"F",2004,2,3
37,67.57,67.7,"M",2005,3,5
33,61.13,61.13,"M",2003,0,5
40,65.1,65.53,"M",2002,0,3
67,NA,73.33,"M",1999,0,7
25,84.92,89.1,"M",2002,1,5
47,109.9,116.5,"F",2003,3,7
28,89.8,91.12,"F",2003,1,3
40,102.3,106.5,"F",2004,1,5
29,90.93,94.05,"M",2003,3,4
26,93.42,94.95,"F",2003,0,3
37,58.17,58.22,"M",2006,4,7
31,76.15,77.62,"F",2006,2,3
44,88.33,91.65,"F",2002,3,4
44,69.65,70.22,"M",2002,3,5
65,93.17,93.17,"M",2005,3,6
53,NA,88.87,"M",2007,1,3
36,78.13,79.67,"M",2003,1,4
25,98.23,105.5,"F",2005,2,3
34,92.88,95.68,"F",2004,2,3
53,119.4,123,"M",2005,4,6
31,NA,93.75,"M",2007,3,5
24,NA,89.82,"F",2008,2,3
44,71.4,71.93,"M",2000,1,8
57,66.23,66.32,"M",2002,1,7
40,83.15,84.88,"F",2006,0,3
35,71.65,72.35,"M",2003,4,6
46,73.63,74.75,"M",2005,0,3
47,106.3,112,"F",2005,0,3
36,106,110.3,"M",2004,3,7
25,88.67,91.07,"F",2000,0,4
49,NA,88.6,"M",1999,0,4
42,90.13,99.83,"F",2006,1,3
34,115.2,116.1,"F",2004,0,3
55,NA,90.35,"M",2008,8,9
37,NA,105.1,"M",2007,2,3
33,NA,83.93,"M",2007,3,4
55,NA,86.7,"M",1999,0,9
29,75.15,76.08,"F",2002,2,3
35,77.08,77.82,"F",2005,1,3
27,71.25,73.95,"M",2006,1,3
35,82.03,82.23,"F",2005,2,6
55,109,114,"F",2002,3,7
52,119.9,128,"F",2005,1,3
52,95.18,99.9,"M",2006,1,3
37,NA,98.58,"M",1999,0,3
35,87.62,90.2,"F",2006,2,4
42,NA,77.58,"M",2008,3,4
30,97.57,97.57,"M",2003,0,3
58,NA,92.43,"M",2008,3,4
54,76.88,77.93,"M",2000,1,3
36,97.42,100.4,"F",2003,0,3
24,97.85,104.4,"F",2005,0,3
51,105.4,112.7,"F",2006,2,3
48,63.55,63.68,"M",2004,3,4
26,75.92,76.88,"M",2003,0,3
41,95.93,100.1,"F",2003,3,5
49,NA,89.77,"F",2007,5,6
57,91.65,96.25,"M",2003,2,5
27,NA,111.4,"F",2008,3,4
46,64.6,64.82,"M",2004,1,3
30,NA,120.8,"F",2008,3,4
25,86.87,88.02,"F",2000,0,4
34,77.52,80.15,"M",2002,0,3
29,84.82,87.22,"M",2000,0,4
40,71.05,71.68,"M",2005,2,4
52,98.3,101.3,"F",2000,0,7
39,77.88,78.2,"F",2003,1,4
42,NA,68.33,"M",2008,3,4
28,NA,106.2,"F",2008,3,4
39,67.75,68.55,"M",2004,1,6
45,70.85,71.22,"M",2001,0,5
50,87.62,90.98,"M",2005,0,3
27,99.87,105.6,"F",2005,0,3
31,111.3,116,"M",2005,0,3
48,77.88,78.43,"M",2002,2,4
35,NA,68.88,"M",2007,4,5
26,NA,110.1,"F",2008,2,3
48,102.3,104,"F",2005,0,3
26,98.73,105.5,"F",2003,1,3
31,80.2,81.45,"F",2003,1,5
33,74.72,75.58,"M",2004,1,3
30,96.13,101.5,"F",2001,0,5
59,NA,120.4,"F",2007,3,5
34,66.18,67.33,"M",2000,0,4
39,89.67,93.3,"M",2001,1,4
48,88.27,93.42,"M",2005,5,8
51,98.77,98.77,"F",2003,2,3
29,75.98,80.88,"M",2001,1,3
49,78.3,78.83,"M",2004,3,5
35,87.75,89.25,"F",2002,0,3
55,112.5,119.3,"F",2003,0,3
56,82.05,83.15,"M",2000,1,9
42,76.17,76.38,"M",2003,1,5
52,99.03,103.4,"F",2004,1,3
51,78.32,79.12,"M",2001,2,8
25,55.82,55.87,"M",2005,2,3
52,108.5,110.3,"F",2004,0,4
58,73.42,74.22,"M",2000,0,3
40,97.62,99.63,"M",2005,1,5
43,87.15,90.17,"M",2002,0,4
47,78.95,79.77,"F",2006,1,3
48,116.5,119.3,"F",2005,3,6
40,82.57,84.98,"F",2003,1,3
55,78.02,78.08,"M",2003,0,3
44,NA,73.33,"M",1999,0,6
51,103.1,106.5,"M",2005,1,4
42,83.48,84.8,"M",2000,0,7
29,94.75,101.1,"F",2004,1,4
51,119.2,125,"F",2004,0,4
49,NA,101.5,"M",1999,0,4
62,79.65,80.48,"M",2006,5,7
47,NA,107.3,"M",2008,2,3
62,116,122,"M",2003,2,3
32,92.97,99.38,"F",2006,2,3
49,105.1,109,"M",2002,1,5
31,77.4,78.67,"F",2005,3,4
57,102.1,108.5,"M",2002,3,5
40,96.75,101.4,"F",2005,5,8
54,NA,92.7,"M",2008,2,3
43,79.22,79.43,"F",2001,1,5
32,86.9,89.85,"F",2004,5,6
51,73.27,73.57,"M",2005,2,4
26,131.1,137.4,"F",2002,0,4
53,69,69.07,"M",2000,1,9
34,86.1,88.08,"M",2001,1,6
29,82.53,85.7,"F",2001,0,3
36,87,90.77,"M",2004,2,4
31,79.33,80.33,"M",2004,0,3
52,81.35,84.32,"M",2005,2,4
33,86.98,91.18,"F",2005,2,3
32,97.37,100.2,"F",2003,0,3
68,NA,103.5,"F",2008,6,7
28,89.67,93.65,"F",2004,0,4
25,90.68,95.57,"F",2002,0,4
43,74.98,76.05,"M",2003,0,3
71,124.2,128.2,"F",2003,4,6
52,137.5,144,"F",2004,2,5
59,NA,70.45,"M",2007,3,5
49,107.9,112.8,"M",2005,1,3
38,NA,79.55,"M",1999,0,7
37,114.9,120.5,"F",2003,0,3
50,109.8,115.8,"F",2003,3,4
47,98.47,99.2,"F",2006,2,4
40,97.32,104,"F",2004,2,4
38,81.28,82,"F",2006,3,4
31,89.75,96.58,"F",2002,3,4
34,79.92,81.47,"M",2001,1,3
35,NA,106,"F",1999,0,5
39,95.68,100.7,"F",2000,0,6
48,69.27,69.5,"M",2001,2,8
52,83.95,87.77,"M",2006,3,6
43,79.88,80.95,"M",2005,0,4
60,116.7,123.3,"M",2006,1,3
53,NA,98.82,"M",2008,2,3
29,NA,85.22,"M",2007,2,3
32,77.63,78.22,"M",2002,2,3
35,67.67,68.03,"M",2005,2,5
51,88.97,94.17,"M",2005,3,6
48,80.1,83.42,"M",2003,2,8
42,NA,98.15,"M",1999,0,8
56,78.98,79.18,"M",2003,2,8
40,82.52,87.12,"M",2006,1,3
43,87.9,89.98,"M",2002,2,5
55,115.3,118.9,"M",2005,2,4
35,120.7,124.8,"F",2005,4,5
37,72.75,73.22,"F",2000,0,5
41,NA,76.05,"M",2007,1,3
55,NA,89.7,"M",2008,7,8
47,NA,79.6,"M",1999,0,5
34,88.57,92.48,"M",2002,1,5
36,106.1,112.4,"F",2003,3,7
33,106,107.5,"F",2002,0,4
38,87.58,89.53,"M",2002,2,4
29,NA,86.52,"F",2007,1,3
52,110.9,114.3,"M",2002,2,4
47,82.25,82.75,"M",2003,2,7
54,91.93,96.32,"M",2004,1,4
27,76.33,79.4,"F",2006,1,3
24,79.1,79.1,"M",2005,2,3
43,96.35,100.5,"F",2003,3,7
41,95.88,97.97,"F",2002,1,5
42,82.05,83.45,"M",2000,1,5
44,NA,79.55,"M",1999,0,4
26,83.17,89,"F",2004,1,4
50,88.93,89.58,"F",2006,1,4
47,68.9,73.73,"M",2001,0,3
55,73.55,81.2,"M",2005,1,4
49,NA,71.9,"F",2007,3,5
34,96.57,104.5,"F",2005,2,5
43,95.53,97.57,"M",2003,2,3
49,86.35,87.93,"F",2004,4,9
28,NA,62.7,"M",2007,3,5
53,NA,91.98,"F",2008,6,7
49,71.92,72.47,"M",2006,2,3
26,94.78,102.3,"F",2005,1,3
54,79.22,80.2,"M",2003,4,8
52,NA,111.2,"M",1999,0,7
50,82.05,85.77,"M",2006,1,3
37,71.28,71.85,"M",2002,1,5
41,NA,90.57,"M",1999,0,5
44,59.15,59.2,"M",2006,7,8
37,NA,84.75,"M",2007,4,5
37,84.65,85.45,"M",2003,0,6
44,76.13,77.28,"M",2004,1,4
30,87.75,90.95,"F",2001,2,6
32,85.42,87.23,"M",2002,2,5
26,111.8,114.7,"F",2004,1,5
25,99.53,107.7,"F",2001,0,3
37,97.92,100.7,"F",2001,1,3
34,84.93,89.98,"F",2005,4,7
39,NA,76.8,"M",1999,0,5
51,92.58,95.65,"F",2003,0,3
36,NA,89.98,"M",1999,0,4
46,NA,90.92,"M",1999,1,6
28,100.4,106.1,"F",2006,1,3
40,NA,108.5,"M",1999,0,7
52,82.62,83.37,"M",2002,1,3
40,81.37,81.37,"M",2004,0,3
42,NA,78.33,"M",2007,2,3
40,92,95.6,"M",2003,4,10
46,NA,107.1,"M",2007,2,3
39,83.58,83.87,"F",2006,1,3
40,69.43,70,"M",2002,0,3
57,88.23,93.52,"M",2006,2,5
31,NA,109.7,"F",2007,1,3
35,122.1,124.8,"F",2005,1,4
39,95.25,97.22,"F",2004,3,5
40,93.35,99.73,"F",2003,1,3
36,78.73,80.6,"M",2006,0,3
45,84.08,86.78,"M",2005,1,5
31,NA,71.35,"M",2007,4,6
43,121.3,124.7,"M",2003,1,3
58,77.5,78.5,"M",2003,2,7
36,78.98,80.33,"F",2006,3,4
31,82.25,83.53,"F",2002,1,3
31,113.9,121.5,"F",2004,2,3
24,104.4,105.2,"M",2006,0,3
50,NA,72.02,"M",1999,0,4
26,111.6,114,"F",2001,0,4
32,NA,97.47,"F",2008,2,3
28,61.23,61.53,"M",2004,0,3
58,NA,101.1,"F",2007,7,9
28,NA,80.78,"M",2008,3,4
32,NA,81.02,"M",2007,2,3
50,113.2,117.2,"M",2003,2,6
45,NA,72.95,"M",2008,5,6
31,98.87,106.3,"F",2004,1,3
48,89.88,89.88,"M",2002,2,3
34,97.9,105.6,"F",2004,4,5
59,90.27,93.72,"M",2005,4,5
44,125,131.8,"M",2005,1,4
51,NA,81.6,"M",2008,6,7
49,71.57,72.08,"M",2004,2,3
32,87.55,88.95,"M",2002,1,4
49,95.83,99.02,"M",2005,1,4
43,83.75,87.5,"M",2003,2,4
46,83.5,84.05,"F",2005,1,4
53,83.98,87.03,"F",2002,0,7
49,97.55,102.7,"F",2003,2,3
45,NA,83.73,"M",2008,2,3
30,79.4,80.72,"F",2002,3,7
57,134.3,137.8,"M",2004,2,3
50,67.1,67.22,"M",2004,3,6
41,64.32,64.85,"M",2001,0,8
31,114.9,124.4,"F",2006,1,3
47,NA,86.68,"M",1999,0,6
49,78.98,80.53,"M",2000,1,3
55,82.12,83.98,"M",2002,3,7
37,96.67,101,"F",2002,0,3
68,NA,94.95,"M",2008,5,6
27,NA,77.52,"M",2007,1,3
28,NA,69.52,"M",2008,2,3
65,94.15,96,"F",2002,0,3
53,NA,91.98,"M",2007,2,3
30,114.2,114.2,"M",2005,0,3
26,118.8,125.4,"F",2003,1,4
74,108.4,114,"M",2006,2,5
35,77.93,79.08,"M",2000,1,3
28,101.3,107.6,"F",2005,1,3
46,135.4,136.2,"M",2001,1,3
22,83.23,87.23,"F",2004,0,5
52,NA,97.47,"M",2008,6,7
35,75.23,78.57,"F",2006,1,4
51,91.72,98.2,"M",2003,4,7
51,NA,80.42,"M",1999,0,3
35,89.98,91.28,"F",2005,2,4
42,NA,105.5,"M",2007,5,6
40,65.85,65.98,"M",2001,0,4
54,89.25,95.08,"M",2006,3,5
43,NA,70,"M",1999,0,6
58,80.42,81.08,"M",2005,6,9
29,NA,104,"F",2008,2,3
52,83.92,85.87,"F",2004,2,5
53,79.37,84.52,"M",2003,3,4
47,NA,92.98,"F",2007,2,3
63,95.78,98.65,"M",2001,2,3
37,94.32,98.15,"M",2001,1,3
35,97.12,99.63,"F",2000,1,3
51,77.83,78.48,"M",2005,0,3
46,NA,69.18,"F",1999,0,10
25,NA,86.68,"M",2007,1,3
58,79.83,82,"M",2004,2,3
40,71.45,71.98,"M",2001,2,6
45,76.05,76.82,"M",2006,3,4
37,NA,100.3,"M",2007,2,3
30,NA,81.83,"M",2007,1,3
33,64.28,64.43,"M",2003,2,6
49,84.83,86.1,"M",2000,1,4
29,79.58,80.73,"M",2003,3,6
53,75.1,75.9,"M",2004,3,7
58,NA,116.4,"F",1999,0,7
45,91.78,94.63,"M",2006,2,5
37,NA,100.1,"F",2008,2,3
56,100.4,107.1,"M",2004,3,5
41,127.8,127.8,"F",2002,0,3
73,112.4,115.9,"M",2000,0,6
44,88.88,98.07,"M",2006,1,3
39,94.2,101.6,"M",2006,2,3
37,102.4,106,"F",2006,1,3
45,85.1,90.02,"F",2006,7,10
41,94.25,98.57,"F",2000,0,6
74,NA,128.7,"M",2007,6,7
50,109,113.5,"F",2004,1,4
39,NA,94.5,"M",2008,2,3
74,116.1,120.5,"M",2001,1,6
56,85.6,85.6,"M",2005,0,4
50,91.62,93.2,"M",2002,3,8
53,115.4,118.6,"M",2004,4,8
30,NA,73,"M",2008,4,5
27,84.9,87.15,"F",2004,0,3
39,NA,93.82,"M",2007,4,6
56,68.65,68.78,"M",2004,3,4
65,104.8,108.5,"M",2004,1,3
32,93.52,95.1,"F",2002,0,3
46,109.3,116.1,"M",2003,1,5
63,83.35,83.62,"M",2004,4,7
47,124.9,131.8,"M",2005,1,3
26,79.08,81.6,"M",2002,0,5
50,86.4,89.67,"F",2001,2,8
54,91.08,104.2,"M",2001,0,3
31,NA,93.63,"F",2008,4,5
41,77.33,77.63,"M",2005,2,4
31,102.5,108.3,"F",2003,1,4
47,97.95,105.7,"F",2005,2,5
40,NA,114.6,"M",2008,6,7
37,NA,90.57,"M",1999,0,7
42,81.27,82.2,"F",2004,2,6
35,121.6,121.6,"F",2005,1,3
33,NA,62.12,"M",1999,0,4
27,NA,111.2,"F",2008,2,3
41,76.17,76.65,"M",2004,4,5
30,108.4,108.4,"F",2005,1,5
48,83.62,86.72,"M",2004,4,8
47,NA,80.15,"M",2007,2,4
30,83.12,86.55,"F",2005,2,3
28,NA,64.95,"M",1999,0,5
28,71.17,71.87,"M",2006,2,3
40,63.15,63.25,"F",2002,1,3
34,NA,59.53,"M",1999,0,6
28,62.88,62.95,"M",2005,1,5
34,81.43,82.38,"M",2001,1,4
26,NA,98.38,"F",2007,1,3
46,111.8,111.8,"F",2004,3,5
39,62.2,63.75,"F",2001,0,3
51,107,108.4,"F",2003,1,4
39,64.1,64.4,"M",2004,2,4
23,79.98,81.72,"F",2001,0,3
35,77.17,77.77,"M",2005,5,7
45,NA,72.47,"M",1999,0,5
33,77.88,78.95,"M",2003,3,7
35,92.57,94.42,"M",2003,0,3
29,109.3,113.7,"F",2002,1,3
39,73.03,77.98,"M",2003,1,3
40,80.62,83.17,"F",2000,0,5
41,83.12,86.33,"M",2005,2,3
47,NA,101.7,"F",2008,3,4
37,77.07,78.57,"M",2002,2,9
44,78.35,78.53,"M",2001,1,7
68,94.77,96.92,"M",2003,4,7
24,NA,104.7,"F",2008,2,3
32,96.23,101.8,"F",2006,2,4
50,91.03,94.2,"F",2002,1,4
24,94.88,100.4,"F",2006,0,3
52,NA,99.82,"F",2008,4,5
46,84.05,86.07,"M",2003,2,3
36,91.32,95.03,"M",2004,0,4
53,NA,83.58,"M",1999,0,5
35,NA,88.48,"M",2007,3,5
32,95.13,100.4,"M",2005,1,4
39,85.3,88.23,"F",2005,1,5
55,78.37,79.48,"M",2004,5,8
43,110,114,"F",2000,1,3
37,102.4,103.8,"M",2004,1,5
33,96.12,97.62,"F",2002,0,3
42,69.9,71.1,"M",2002,0,5
35,81.62,82.13,"M",2003,2,4
35,85.42,86.65,"F",2005,2,5
33,68.77,70.73,"F",2005,3,5
44,66.78,67.38,"M",2002,1,3
35,92.1,95.63,"M",2006,0,3
43,98.77,101.3,"F",2005,1,3
34,86.73,93.17,"F",2004,0,4
25,88.25,92.12,"F",2006,0,3
53,80.03,80.67,"M",2002,1,7
31,101.2,106.3,"F",2003,2,3
39,NA,67.18,"M",2007,2,3
30,81.78,82.33,"F",2003,2,3
34,96.9,102.5,"F",2003,1,6
51,122.8,126.6,"M",2001,2,3
32,89.83,93.12,"M",2000,0,7
19,89.42,91.38,"M",2002,2,3
51,84.65,85.95,"M",2005,3,4
47,85.08,86.98,"F",2005,0,3
53,88.37,90.93,"M",2006,0,3
39,83.58,85.2,"M",2003,1,5
43,NA,85.62,"F",2007,3,4
28,84.42,86.78,"M",2005,3,4
59,131,137.8,"M",2006,5,7
34,NA,110.3,"M",2008,2,3
62,NA,99.37,"M",2007,1,3
30,95.45,103.2,"F",2004,3,4
40,104.2,108,"M",2002,2,3
48,77.88,77.97,"F",2003,2,5
46,80.37,83.7,"M",2005,6,9
39,84.18,85.65,"M",2006,0,3
32,NA,78.73,"F",2007,3,4
40,85.57,90.15,"M",2000,1,6
26,NA,71.6,"M",2007,1,3
38,96.55,103.3,"F",2003,4,8
32,108.9,115.1,"F",2002,1,5
37,78.42,79.13,"F",2002,3,10
40,72.43,73.95,"M",2002,3,5
37,NA,81.23,"M",2008,2,3
59,NA,108.1,"M",2008,6,7
66,NA,83.07,"M",1999,0,5
47,NA,55.18,"M",1999,0,6
22,74.4,75.27,"F",2004,0,3
51,86.95,92.5,"F",2002,0,6
23,81.1,82.07,"F",2002,2,6
48,72.93,73.95,"M",2004,4,5
33,87.97,93.92,"M",2005,1,4
54,73.13,73.82,"M",2006,6,8
34,84.52,87.2,"M",2004,1,4
26,NA,93.28,"F",2008,2,3
68,79.65,79.72,"M",2006,0,3
32,93.02,95.72,"F",2003,1,4
37,88.9,91.35,"M",2002,1,3
44,94.3,97.68,"F",2003,1,3
47,NA,80.03,"M",1999,0,7
33,NA,84,"M",2007,1,3
51,81.82,81.98,"M",2004,3,6
54,105.3,113.3,"F",2005,0,3
47,81.07,81.07,"M",2002,1,4
30,NA,108.1,"F",2007,3,4
58,83.47,83.7,"M",2002,1,3
14,85.63,86.38,"F",2000,0,4
33,NA,118.6,"F",2007,2,3
40,111,116.5,"M",2004,4,5
50,82.75,86.03,"M",2003,3,5
32,90.9,92.92,"F",2005,1,3
39,NA,89.48,"F",1999,0,3
47,69.47,70.73,"M",2003,3,5
72,96.65,97.47,"M",2004,2,3
29,107.1,115.9,"M",2002,0,3
41,NA,91.05,"F",2008,3,4
51,82.9,83.87,"M",2003,3,7
32,78.35,81.88,"M",2006,0,3
52,92.67,96.75,"M",2003,3,5
38,87.1,89,"F",2000,0,3
32,80.87,82.17,"F",2002,1,3
36,123.3,128.6,"M",2002,2,4
32,NA,104.7,"F",2008,2,3
40,76.02,76.67,"M",2005,2,4
45,NA,114.2,"M",2008,3,4
34,NA,59.13,"M",1999,0,5
47,89.15,92.48,"M",2006,4,6
35,81.88,83.85,"M",2002,2,3
33,90.62,98.1,"F",2004,1,3
33,79.9,81.53,"M",2004,0,3
24,94.52,99.18,"F",2003,0,5
29,97.17,101.5,"F",2001,0,4
30,NA,54.95,"M",1999,0,7
23,90.62,92.6,"F",2000,0,3
44,NA,71.45,"M",2008,4,5
55,80.62,80.95,"F",2001,2,9
46,83.9,84.8,"M",2005,3,6
57,100.9,104.5,"M",2002,0,3
37,62.92,63.28,"M",2001,0,3
46,NA,104.1,"M",1999,0,3
47,NA,71.97,"M",1999,0,8
24,80.9,82.08,"M",2002,1,3
54,75.42,76.33,"M",2001,1,5
46,114.2,121.2,"M",2004,3,4
39,NA,78.28,"M",1999,0,3
35,104.6,108.9,"M",2002,1,6
52,NA,79.3,"F",2007,4,5
31,74.08,77.75,"M",2002,2,3
44,88.3,88.3,"M",2005,2,3
66,NA,84.15,"M",2008,6,7
38,62.47,62.5,"M",2006,2,4
35,NA,92.68,"F",2008,2,3
37,104.8,108.8,"F",2005,2,4
46,NA,70.97,"M",1999,0,8
36,95.83,102.5,"F",2005,1,4
35,62.43,62.53,"M",2000,1,5
26,90.6,93.55,"F",2002,0,3
35,59.72,59.77,"M",2003,2,4
38,78.98,80.22,"F",2004,1,4
54,104.5,105.4,"F",2004,1,3
43,NA,105.2,"M",1999,0,3
31,78.2,84.27,"M",2002,0,3
31,89.48,93.08,"M",2000,0,4
29,100.5,102.9,"F",2000,0,5
45,63.95,64.12,"M",2001,2,4
46,75.18,77.52,"M",2006,5,7
36,79.75,80.93,"M",2003,2,3
57,79.97,80.75,"M",2001,2,9
49,88.8,93.28,"F",2002,2,5
48,83.3,85.52,"F",2006,2,4
46,NA,85.18,"M",2007,5,7
27,89.02,90.98,"M",2004,2,3
50,79.25,80.82,"M",2000,1,8
51,144.5,146.9,"F",2005,2,3
47,76.95,76.95,"F",2002,1,5
30,82.08,84.1,"M",2000,0,5
63,NA,96.25,"M",1999,0,3
30,99.47,102.8,"M",2003,0,4
27,NA,83.43,"F",1999,0,7
44,102,104.7,"F",2003,0,3
23,NA,81.75,"M",2007,2,3
44,NA,74.25,"M",1999,0,4
51,101.1,107.4,"F",2005,4,8
53,NA,98.88,"F",2007,2,4
55,89.1,92.62,"M",2001,1,5
49,NA,74.72,"M",2008,2,3
50,NA,129.2,"F",2008,4,5
35,113.2,115.6,"F",2006,2,4
51,93.15,98.63,"M",2004,1,3
28,78.52,79.67,"F",2001,1,4
33,99.58,105,"F",2003,2,5
49,NA,59.73,"M",2007,3,5
47,NA,79.95,"F",2008,8,9
46,80.93,83.03,"M",2006,5,8
35,79.38,82.28,"M",2004,2,4
59,77.88,78.62,"M",2006,5,8
32,NA,93.03,"F",2008,6,7
41,82.9,84.57,"M",2004,2,7
34,96.42,101.9,"M",2002,0,3
56,79.07,79.77,"M",2004,3,4
41,79.62,80.68,"F",2003,0,3
26,109.8,114,"F",2001,2,5
39,73.03,74.15,"M",2000,0,5
29,NA,93.15,"F",2008,2,3
35,89.03,93.72,"F",2005,3,5
53,69.12,69.3,"M",2000,0,3
47,NA,89.1,"M",2007,2,4
53,112.3,117.9,"F",2005,2,3
37,NA,87.62,"F",2008,2,3
37,71.6,71.93,"M",2003,4,5
39,73.22,75.12,"F",2004,5,7
26,76.7,82.58,"M",2006,1,4
34,100.4,104.1,"F",2001,0,4
34,NA,80.62,"F",2007,4,5
45,80.93,83.13,"M",2003,1,3
48,101.8,109.4,"F",2005,1,3
36,106.8,106.8,"F",2005,1,3
43,NA,98.87,"F",2007,2,3
42,72.25,73.07,"M",2001,0,3
61,83.77,85.03,"M",2004,5,9
50,91.38,94.87,"M",2000,0,3
20,99.35,102.4,"M",2003,4,5
26,90.28,96.67,"F",2002,0,3
43,65.05,65.13,"F",2004,2,3
65,107.2,108,"M",2000,0,6
45,NA,83.03,"M",2008,2,3
55,NA,111.6,"M",2008,4,5
27,121.9,128.8,"F",2004,0,3
33,78.28,78.67,"F",2002,0,7
38,83.92,86.33,"M",2006,1,3
54,NA,102.5,"F",2008,3,4
38,95.07,99.93,"F",2006,4,7
25,84.37,85.53,"F",2003,1,4
56,NA,98,"F",1999,0,4
53,87.33,87.97,"M",2000,1,8
41,NA,108.3,"F",1999,0,4
32,92.42,94.15,"M",2001,1,3
49,96.88,99.43,"M",2002,0,3
43,75.82,76.62,"M",2001,1,4
45,95.52,99.4,"M",2005,1,5
33,NA,96.32,"F",2007,1,3
36,106.2,114.5,"F",2005,3,4
30,83.5,90.57,"M",2002,2,4
48,91.95,95.9,"M",2000,0,5
41,98.95,104.9,"F",2003,3,6
47,89.27,90.6,"F",2004,2,3
49,99.93,107.3,"F",2005,3,6
38,112.6,117,"M",2001,2,3
34,66.75,67,"M",2004,2,4
28,88.12,90.63,"M",2003,3,8
46,77.92,79.43,"M",2001,1,8
26,NA,70.23,"F",2007,2,3
35,84.17,85.32,"M",2006,1,4
42,99.93,105.2,"F",2001,1,7
31,96.13,100.8,"M",2001,0,3
84,NA,94.43,"M",2008,7,8
57,78.43,78.43,"F",2005,2,4
42,76.73,78.58,"M",2006,4,5
39,82.55,82.55,"M",2003,2,3
62,NA,95.28,"F",2008,4,5
29,95.53,97.15,"F",2000,1,7
34,98.2,102.5,"F",2003,1,3
24,92.43,94.12,"F",2002,0,3
31,NA,92.28,"F",2007,1,3
36,70.32,71.2,"M",2004,4,6
34,NA,83.67,"M",1999,0,3
47,76.05,77.1,"M",2000,1,5
45,107.4,108.4,"M",2000,0,3
41,58.78,59.13,"M",2001,0,3
26,88.18,91.83,"M",2002,2,5
40,79.03,81.43,"M",2001,0,5
55,126,133.4,"M",2005,2,3
44,123.3,127.4,"F",2002,0,4
41,83.22,84.17,"M",2002,2,6
57,96.08,98.48,"M",2004,3,4
54,86.23,89.9,"M",2001,1,4
55,NA,87.67,"M",2008,4,5
44,110.3,115.3,"F",2001,2,6
29,76.35,77,"M",2001,2,8
30,106.9,112,"F",2003,0,3
40,72.53,73.23,"M",2001,0,4
41,NA,77.03,"M",2007,2,3
52,NA,74.57,"M",1999,0,5
28,NA,90.97,"F",2007,1,3
44,102.2,103.2,"M",2004,2,4
29,95.22,100.6,"F",2004,2,3
27,72.1,72.8,"M",2000,0,4
31,90.72,93.42,"F",2000,1,5
36,54.38,54.43,"M",2005,2,3
50,NA,76.82,"M",2007,6,7
42,NA,70.35,"M",2008,2,3
32,95.78,97.53,"M",2002,0,3
39,NA,84.23,"M",1999,0,10
33,104.9,110.2,"M",2002,0,3
37,NA,88.87,"F",2007,5,6
65,86.45,87.2,"M",2005,6,10
30,99.08,103.2,"M",2005,1,4
29,NA,74.18,"M",2007,1,3
55,NA,77.28,"M",2008,2,3
50,96.33,99.3,"M",2003,2,6
23,77.07,78.37,"F",2001,1,4
43,87.83,92.2,"F",2001,1,5
28,74.32,76.6,"M",2006,2,3
52,73.15,73.53,"M",2005,2,5
46,63.12,63.23,"M",2004,3,4
30,111.2,118.6,"F",2005,1,4
58,82.62,83.38,"M",2001,1,5
29,NA,102,"F",2007,1,3
30,66.67,66.68,"M",2003,3,4
43,109.6,112.4,"F",2001,0,6
44,81.07,81.48,"F",2004,5,7
40,NA,107.8,"F",2007,6,7
29,88.9,91,"M",2003,3,8
62,NA,77.85,"M",1999,0,3
38,99.17,106.1,"F",2002,0,4
37,105.4,106.1,"M",2004,2,3
54,NA,109.6,"F",2008,2,3
46,NA,97.42,"F",2008,2,3
41,NA,72.73,"M",1999,0,5
31,94.03,102.3,"F",2006,0,3
43,98.13,100.9,"F",2005,1,3
29,69.03,70.77,"M",2006,2,3
41,NA,93.85,"F",1999,0,3
25,77.37,77.9,"F",2004,0,4
45,87.67,90.07,"M",2001,0,5
47,70.97,71.63,"M",2003,2,6
46,77.05,78.95,"F",2002,2,6
63,NA,76,"M",1999,0,8
56,108.1,112.2,"F",2000,0,3
61,84.5,85.23,"M",2006,4,6
40,99.57,104.6,"M",2005,1,3
51,125.1,133,"F",2004,2,3
34,98.1,105,"F",2004,1,4
52,78.67,79.18,"F",2002,3,10
40,NA,94.05,"F",2008,2,3
27,NA,82.37,"F",2008,2,3
40,110.7,116.1,"F",2003,1,5
43,NA,58.25,"M",2007,6,8
37,59.88,60.02,"M",2003,0,3
36,88.47,91.63,"F",2006,1,4
65,NA,102,"M",2007,4,6
35,102.3,106.8,"M",2002,0,6
32,89.4,91.7,"F",2002,1,5
34,104.6,109.9,"F",2001,1,3
27,112,120,"F",2006,0,3
57,NA,83.1,"M",1999,0,8
56,NA,97.08,"M",2008,2,3
60,77.55,77.75,"M",2000,0,5
50,116.6,118.7,"F",2003,2,3
27,NA,81.2,"F",2007,1,3
30,89.22,92.8,"F",2004,2,3
50,100.8,108,"M",2004,0,4
53,131.4,138.7,"F",2002,0,3
61,NA,98.58,"M",2008,4,5
53,68.27,68.4,"M",2002,1,5
44,104.7,108.8,"M",2003,0,4
35,95.08,98.18,"F",2000,1,8
26,82.9,90.37,"M",2004,0,3
46,75.48,75.83,"M",2002,0,4
46,77.35,82.12,"M",2004,3,5
53,NA,65.93,"M",2007,6,7
52,NA,79.6,"F",1999,0,3
51,75.22,75.35,"F",2005,5,6
33,104,104.8,"M",2006,2,3
35,67.58,68.15,"M",2005,4,7
25,NA,86.95,"F",2007,1,3
50,78.07,78.93,"M",2002,1,4
56,84.78,85.7,"M",2000,1,7
58,99.87,101.9,"M",2004,3,6
45,88.3,93.03,"M",2000,1,3
38,NA,88.12,"M",2008,2,3
37,84.13,89.47,"M",2003,1,3
26,70.7,71.92,"M",2006,0,3
41,76.78,78.58,"M",2004,2,6
31,73.95,75.17,"F",2004,0,3
30,109.6,113.4,"F",2001,0,4
58,NA,78.97,"M",2007,6,8
39,91.17,93.8,"M",2006,3,4
23,74.32,76.05,"F",2003,0,3
33,98.18,102.9,"M",2004,3,7
38,NA,55.93,"M",1999,0,6
37,91.87,92.8,"M",2004,1,4
30,NA,92.43,"F",2007,2,3
62,110.6,114.5,"M",2006,2,3
41,81.53,81.75,"M",2001,2,10
45,84.12,85.27,"M",2005,0,3
51,NA,104.3,"M",2007,8,10
53,74.38,75.42,"M",2001,1,4
36,62.3,62.53,"M",2005,4,5
58,NA,73.23,"M",1999,0,7
31,105.8,111.3,"F",2003,2,4
23,99,107.4,"F",2006,1,3
31,94.93,96.55,"M",2002,0,3
45,93.3,97.85,"M",2001,0,7
44,77.67,77.9,"M",2006,1,4
31,82.55,83.68,"F",2003,2,3
54,NA,107.7,"M",2007,3,4
45,106.2,108.4,"F",2003,0,5
48,NA,70.4,"M",2007,3,5
55,NA,79.62,"M",2008,2,3
28,92.65,96.12,"M",2005,3,5
23,92.8,95.63,"F",2001,0,3
29,82.92,87.08,"F",2006,0,3
31,95.92,98.52,"F",2003,1,4
26,NA,86,"F",2008,4,5
34,86.92,90.17,"M",2002,0,4
56,116.9,121.3,"M",2004,4,8
61,NA,102.8,"M",1999,0,4
40,73.17,73.98,"M",2000,1,7
30,NA,90.33,"M",1999,0,6
24,94.25,99.38,"F",2001,0,4
45,79.1,80.77,"M",2003,0,3
44,95.22,97.68,"F",2003,3,4
42,98.88,105.5,"F",2005,1,3
29,84.82,87.12,"F",2001,1,7
53,NA,79.88,"M",2007,2,3
62,94.05,97.77,"M",2004,4,7
49,NA,77.4,"M",2008,2,3
49,88.67,95.62,"M",2006,3,6
58,78.57,78.98,"M",2003,2,6
58,94.63,94.82,"M",2003,4,9
42,106.6,110,"F",2002,3,4
47,77.07,77.75,"F",2004,1,6
28,108.4,116.3,"F",2006,0,3
29,91.8,95.4,"F",2005,1,3
39,127.8,133.4,"M",2003,2,3
36,NA,87.92,"M",1999,0,10
31,87.72,92.45,"M",2001,1,3
56,84.62,85.52,"M",2003,1,5
48,55.93,55.93,"M",2006,2,5
26,NA,98.7,"F",2007,2,4
24,94.52,94.52,"F",2005,1,4
32,NA,82.17,"F",2008,4,5
27,NA,90.43,"M",1999,0,4
52,89.88,92.53,"M",2003,3,5
31,NA,89.78,"F",2008,3,4
32,91.62,98.88,"M",2004,2,3
26,108.9,115.2,"M",2005,0,3
38,NA,104.3,"F",2008,3,4
66,76.88,76.98,"M",2002,2,8
53,86.5,88.38,"F",2003,3,6
48,81.02,82.47,"M",2002,3,4
42,74.72,75.82,"F",2005,4,6
55,78.18,84.82,"M",2006,3,5
55,NA,67.37,"M",1999,0,4
53,86.03,89.38,"M",2000,0,3
49,94.12,97.77,"M",2004,4,9
25,NA,97.47,"F",2007,1,3
49,98.57,98.57,"M",2003,4,9
40,NA,85.15,"F",2007,5,6
32,NA,85.98,"F",2008,5,6
62,84.93,86.23,"M",2005,3,5
36,60.68,60.77,"M",2000,1,3
48,93.47,97.68,"M",2001,1,4
33,NA,82.7,"F",2007,1,3
49,87.88,90.9,"F",2003,3,5
44,72.05,73.5,"M",2006,3,5
45,97.67,103.2,"M",2002,0,6
49,92.47,100.3,"F",2005,2,3
39,113.3,118.8,"F",2005,2,3
37,122,128.4,"F",2003,1,7
46,70.58,71.22,"M",2002,0,3
40,80.52,81.3,"M",2002,2,5
51,76.23,76.88,"M",2000,0,7
38,100,101.4,"F",2002,1,5
49,93.85,94.98,"F",2004,3,7
71,76.3,76.4,"M",2003,3,7
50,69.57,69.77,"M",2001,1,4
28,99.52,106.3,"M",2003,1,3
43,70.73,72.07,"M",2005,3,7
54,NA,78.47,"M",2008,2,3
37,NA,91.57,"F",2007,3,5
56,92.38,93.62,"M",2004,3,4
36,79.38,81.3,"M",2004,2,5
41,NA,69.2,"M",2008,4,5
50,NA,98.93,"M",1999,0,5
27,86.02,92.25,"M",2002,0,6
46,NA,94.98,"F",1999,0,3
53,91.7,93.57,"M",2005,2,3
66,100.9,101.5,"M",2001,1,6
28,71.25,72.12,"F",2006,3,5
30,140.3,143.4,"F",2000,1,3
56,NA,99.1,"M",2007,6,7
24,NA,102.7,"F",1999,0,3
30,71.85,75.82,"M",2006,2,3
27,115.1,118.2,"F",2002,3,5
33,64.38,64.57,"M",2001,1,5
44,NA,95.83,"M",2007,1,3
39,100.5,107.4,"M",2006,3,6
29,NA,119.2,"F",2007,7,9
43,62.67,62.7,"F",2006,4,7
31,NA,105.8,"F",2008,3,4
26,98.4,107.8,"F",2006,1,3
44,88.2,91.83,"M",2001,2,3
44,90.77,96.17,"M",2004,2,5
54,86.6,93.05,"M",2001,1,9
33,81.4,84,"M",2005,1,3
40,NA,85.23,"F",1999,0,3
43,82.55,83.25,"M",2006,4,7
63,NA,75.77,"M",1999,0,8
29,71,72,"M",2003,0,3
63,NA,86.7,"M",2008,5,6
63,120.5,125.2,"F",2004,5,7
50,81.6,81.67,"M",2005,1,5
51,64.77,64.9,"M",2004,2,6
38,99.1,104.9,"F",2004,0,3
25,89.05,96.67,"M",2004,2,3
27,NA,70.28,"M",1999,0,5
54,93.35,96.18,"M",2002,1,4
36,95.97,99.18,"F",2004,3,7
49,81.32,83.28,"M",2005,3,4
32,117.2,121.2,"F",2002,1,3
54,83.82,83.82,"M",2005,0,3
38,74.13,75.35,"F",2000,1,4
55,95.02,100.2,"M",2003,2,4
31,NA,78.92,"F",1999,0,4
39,102.5,106,"F",2006,1,3
56,89.45,92.62,"M",2004,4,8
31,NA,55.13,"M",2007,1,3
39,NA,77.6,"M",1999,0,9
26,98.87,105.1,"F",2004,0,4
35,103.6,107.4,"F",2003,3,8
61,97.62,100.2,"F",2000,1,3
31,NA,93.02,"F",2007,1,3
31,NA,86.43,"M",2008,3,4
32,NA,66.87,"M",2008,2,3
55,NA,87.05,"M",1999,0,9
34,59,59.07,"M",2004,2,5
38,73.37,74.95,"M",2001,0,6
48,103.2,107.4,"F",2002,0,3
48,93.77,95.35,"F",2000,1,3
51,99.33,104.6,"M",2002,0,4
35,72.65,75.48,"M",2002,2,3
27,74.22,75.08,"M",2001,1,8
36,88.45,88.45,"F",2005,0,4
34,93.88,94.62,"F",2001,2,3
43,79.78,80.17,"M",2003,4,10
27,95.32,102,"F",2005,0,3
31,100.3,104.6,"F",2004,0,3
37,108.7,110.9,"M",2000,1,3
38,NA,111.1,"F",1999,0,8
31,103,107,"F",2005,2,3
38,92.08,96.37,"M",2002,2,5
30,96.17,101.7,"F",2006,2,3
63,78.08,78.5,"M",2005,2,4
25,80.83,84.9,"M",2006,0,3
38,93.78,95.78,"M",2003,0,3
30,NA,84,"F",2007,2,3
55,83.05,84.52,"M",2002,1,3
36,NA,89.78,"F",2008,3,4
36,NA,63.98,"M",1999,0,3
28,NA,90.73,"F",2008,3,4
39,NA,72.68,"M",1999,0,4
33,NA,74.27,"M",2008,5,6
60,NA,78.77,"M",2007,7,9
25,103.2,108.4,"F",2006,1,3
46,96.2,102.8,"F",2001,1,6
48,67.27,67.68,"M",2006,4,7
33,57.63,57.73,"M",2002,2,4
38,100.7,105,"F",2001,2,4
29,91.72,95.58,"F",2001,0,6
29,93.72,101.6,"F",2005,2,5
42,91.53,92.1,"F",2006,0,3
42,101.7,102.7,"F",2001,2,3
43,70.08,70.42,"M",2000,1,4
33,74.88,76.25,"M",2001,2,6
34,78.65,80.83,"M",2005,2,3
37,96,99.53,"F",2006,6,7
31,81.77,82.55,"F",2005,3,4
29,83.5,85.1,"M",2002,2,4
38,104.9,109.2,"F",2001,1,3
38,NA,67.77,"M",1999,0,3
57,124.4,133.9,"F",2001,1,3
33,74.02,75.22,"M",2004,1,3
22,94.9,98.07,"F",2003,0,5
51,56.15,56.15,"M",2003,3,6
49,100.2,103.5,"M",2003,0,4
29,93.15,94.12,"F",2005,3,4
40,NA,81.53,"M",2007,3,5
34,94.45,96.28,"F",2002,1,7
40,90.17,96.5,"F",2003,2,5
22,54.18,54.2,"M",2005,0,3
39,NA,98.88,"F",2007,5,7
35,93.37,94.73,"M",2002,1,5
47,81.18,82.42,"M",2005,1,4
51,87.03,89.48,"M",2003,2,6
52,NA,105.7,"F",1999,0,7
36,NA,91.33,"M",1999,0,5
62,98.65,98.65,"M",2005,3,6
53,NA,95.68,"M",2008,7,8
50,101.3,104.1,"F",2003,3,5
55,97.75,97.9,"M",2005,3,7
31,NA,80.55,"M",2007,2,3
53,69.85,69.87,"F",2006,7,10
41,NA,96.68,"M",2008,5,6
40,105.6,110.4,"F",2001,1,5
26,NA,90,"F",1999,0,3
34,80.9,82.45,"M",2002,2,8
45,79.08,79.37,"F",2000,0,4
29,53.27,53.32,"M",2002,1,6
33,79.78,84.67,"F",2003,1,3
29,71.55,72.05,"M",2000,0,5
42,88.32,89,"M",2003,0,3
42,168.2,168.2,"F",2004,2,4
46,106.9,109.3,"F",2006,2,3
29,100.1,106.6,"F",2003,1,3
59,80.37,80.67,"M",2001,1,6
51,134.8,139.1,"F",2003,1,5
43,71.27,71.45,"M",2006,2,4
37,79.27,79.95,"M",2005,0,3
52,88.17,93.23,"M",2000,1,5
37,NA,93.33,"M",2007,2,3
28,90.15,93.53,"F",2002,1,5
56,NA,64.2,"M",1999,0,8
27,86.78,90.07,"F",2001,0,3
29,NA,85.62,"M",1999,0,3
47,83.63,88.92,"F",2006,5,6
24,NA,81.35,"F",2007,2,4
42,NA,96.23,"F",2007,2,4
48,111.1,115,"F",2001,2,4
31,NA,91.88,"M",2007,1,3
55,69.2,69.33,"M",2006,0,3
46,85.02,86.75,"F",2002,2,5
35,NA,72.83,"F",2008,4,5
44,86.05,87.32,"F",2000,0,3
33,82.73,88.12,"M",2003,2,3
26,97.32,101.6,"F",2004,2,5
23,103.4,111.7,"F",2005,0,3
50,95.68,99.3,"F",2000,0,5
33,95.82,98.57,"F",2003,0,3
34,104.4,104.4,"F",2005,2,3
74,82,82.1,"M",2002,3,10
25,101.3,107,"F",2006,1,3
41,NA,85.22,"M",2007,2,4
36,NA,82.95,"F",1999,0,3
47,78.43,79.3,"M",2002,0,4
58,89.93,91.83,"F",2003,1,3
39,NA,80.52,"M",2007,2,4
46,76.83,76.97,"F",2003,4,6
33,93.32,98.92,"M",2006,2,4
41,NA,96.02,"F",2007,2,3
35,NA,110.3,"F",2008,2,3
41,NA,87.23,"M",2007,2,3
65,NA,75.9,"M",1999,0,10
53,106.8,108.4,"F",2001,1,3
43,80.48,89.75,"M",2006,2,3
45,NA,90.02,"F",1999,0,6
36,85.25,88.2,"M",2002,2,5
43,NA,92.87,"F",2008,3,4
35,78.67,78.85,"F",2006,0,3
51,119.8,119.8,"F",2005,4,7
46,117.7,117.8,"F",2006,4,7
53,72.57,73.63,"M",2006,3,5
56,87.18,88.07,"M",2000,1,3
37,93.72,95.07,"M",2003,2,7
33,NA,67.73,"M",2008,3,4
39,93.73,95.47,"F",2003,0,5
41,80.98,82.12,"F",2005,2,3
30,88.45,96.15,"M",2001,0,3
56,84.32,85.17,"M",2004,4,7
30,NA,125,"F",2007,2,3
51,74.63,74.92,"M",2004,3,6
57,71.67,73.15,"M",2006,3,6
47,79.38,79.72,"M",2003,2,3
33,77.82,78.67,"F",2000,1,6
27,NA,97.67,"F",2007,2,5
32,67.68,68.45,"M",2000,1,3
34,NA,72.6,"M",2007,5,6
42,87.73,89.6,"F",2003,2,3
56,NA,101.8,"M",2007,1,3
39,69.03,69.63,"M",2001,1,3
35,94.55,98.07,"F",2005,3,4
51,85.17,88.57,"M",2002,3,4
38,90.58,96.18,"F",2001,1,3
30,88.33,94.42,"F",2003,0,3
45,75.98,79.47,"M",2002,1,3
40,NA,73.48,"M",1999,0,9
43,90.5,93.42,"F",2002,2,3
46,149.2,149.2,"M",2005,2,4
46,100.6,106.3,"F",2004,2,4
32,NA,94.52,"F",1999,0,7
37,96.18,99.45,"F",2006,2,3
41,97.67,102,"F",2006,7,9
44,79.23,82.1,"M",2005,5,6
56,NA,95.2,"M",1999,0,3
33,NA,75.75,"M",2008,3,4
30,90.8,97.28,"F",2005,0,3
38,62.02,62.17,"M",2002,0,3
37,66.07,66.47,"M",2001,0,4
53,103.6,108.7,"F",2006,0,3
63,77.57,77.67,"M",2002,1,3
40,73.53,73.65,"M",2001,2,5
39,85.5,87,"F",2005,2,3
59,92.18,93.87,"F",2004,5,8
30,92.02,97.17,"M",2004,0,3
48,NA,78.67,"M",2008,5,6
59,83.7,83.8,"M",2006,3,4
48,NA,103.2,"F",2008,3,4
52,NA,91.87,"F",2007,5,7
48,96.73,100.4,"F",2002,2,3
38,78.53,79.38,"M",2004,3,7
39,95.23,101.1,"M",2003,0,4
36,94.13,96.82,"M",2003,2,4
45,NA,110,"F",2008,6,7
37,NA,55.92,"M",2007,2,4
26,94,97.53,"M",2002,0,3
67,107.5,115.1,"M",2005,1,4
42,94.42,102.2,"M",2004,1,3
59,80.6,83.72,"M",2001,2,3
32,80.43,84.53,"F",2005,0,4
34,NA,98.93,"M",2007,3,4
54,84.82,87.25,"M",2000,0,5
32,75.75,77.02,"F",2002,1,5
54,83.2,83.57,"F",2001,2,4
43,84.65,88.28,"M",2000,1,5
53,NA,96.93,"M",2008,3,4
40,101.4,104.8,"F",2000,1,4
49,82.5,83.52,"F",2003,3,4
43,85.3,88.08,"F",2004,3,5
50,102.6,107.6,"F",2003,2,3
25,NA,76.93,"M",2007,3,4
42,108.7,115.7,"F",2006,3,4
45,73.1,74.2,"M",2003,2,5
30,106.8,110.1,"F",2004,1,3
18,75.03,76.97,"F",2003,0,4
29,63.48,63.9,"M",2001,0,3
67,96.75,98.47,"M",2001,1,3
33,91.67,94.27,"M",2001,0,4
24,88.93,92.72,"M",2004,1,3
45,78.08,80.93,"M",2001,0,4
29,76.75,77.52,"F",2002,3,7
46,104.1,107.7,"F",2004,3,4
25,89,93.03,"F",2004,3,8
28,92.52,96.2,"M",2003,1,3
33,105.1,111,"F",2003,1,5
46,74.8,74.8,"F",2003,1,3
40,78.72,80.75,"F",2002,2,4
35,86.73,88.42,"M",2005,0,3
43,97.98,103.8,"F",2002,0,3
24,86.87,91.22,"M",2002,1,3
31,82.75,86.3,"M",2002,1,3
38,79.58,81.7,"F",2004,1,5
50,NA,76.98,"M",2008,5,6
46,105.9,113.4,"F",2004,0,3
57,NA,104.8,"M",2007,7,8
33,94.22,96.58,"F",2003,2,6
40,95.87,99.38,"F",2005,1,4
43,82.65,85.95,"M",2002,1,7
60,100.6,108.4,"M",2005,0,3
37,70.6,71.18,"M",2001,0,6
53,NA,97.07,"F",2007,2,4
57,67.42,67.58,"M",2001,2,8
31,75.32,75.78,"M",2003,1,4
57,92.9,95.53,"M",2006,2,3
28,77.82,82.12,"M",2004,1,3
42,NA,89.72,"F",2008,2,3
24,81.72,84.97,"M",2001,0,3
56,NA,98.03,"M",1999,0,7
42,108.7,114.9,"F",2005,2,5
50,NA,87.42,"M",2007,1,3
44,83.75,85.13,"F",2005,2,6
30,105.4,106.3,"M",2004,2,3
42,78.27,79.17,"M",2002,0,3
28,NA,85.92,"M",2008,2,3
46,93.37,96.5,"M",2003,3,6
48,87.57,90.63,"F",2001,2,6
49,108.5,113.8,"F",2001,0,4
26,80.73,83.53,"F",2004,0,4
29,99.4,102.9,"M",2000,1,3
25,NA,86.7,"M",2007,1,3
31,106.9,110.9,"F",2002,0,3
28,NA,75.52,"M",2008,2,3
61,81.97,84.22,"M",2005,5,6
45,NA,63.63,"M",2008,5,6
47,NA,109,"F",2008,2,3
38,76.12,76.55,"M",2005,2,3
28,89.12,93.32,"M",2000,1,5
32,83.77,88.67,"M",2004,4,5
51,NA,88.98,"M",2008,2,3
55,75.42,77.4,"M",2003,0,5
33,116.9,123.2,"F",2004,0,4
31,NA,84.77,"M",1999,0,3
34,85.97,90.37,"M",2002,2,3
34,NA,102.2,"F",2008,2,3
37,80.57,98.28,"M",2000,1,6
29,NA,91.3,"M",1999,0,3
49,85.12,85.73,"M",2000,0,4
39,87.2,89.2,"M",2000,0,7
46,89.6,96.05,"M",2004,4,5
32,93.45,95.65,"F",2004,1,4
46,116.8,121.6,"F",2006,3,5
27,82.38,87.33,"F",2003,2,4
27,124.7,128,"M",2002,0,3
33,91.63,97.03,"F",2001,0,6
44,NA,113.5,"M",2008,2,3
45,NA,97.27,"F",2007,1,3
26,54.52,54.55,"M",2001,0,4
32,108.9,118.6,"M",2006,2,3
59,NA,100.8,"M",2007,8,9
25,71.97,73.08,"M",2001,0,6
57,97.33,99.43,"M",2005,6,9
51,NA,92.47,"M",2007,5,6
37,NA,86.72,"M",1999,0,3
50,108.3,111.5,"F",2000,1,3
46,88.15,89.23,"F",2000,1,4
43,NA,84.43,"F",2007,4,6
47,70.33,70.65,"M",2006,2,5
50,114.7,119.8,"F",2005,3,4
19,56.65,56.72,"M",2005,0,3
51,86.5,88.02,"F",2004,3,4
38,80.33,81.02,"M",2003,1,4
30,67.23,67.62,"M",2000,0,3
48,91.12,99.82,"M",2006,0,3
34,68.87,69.6,"M",2004,1,3
45,89.07,92.03,"F",2000,1,3
32,82.12,83.13,"F",2000,1,3
47,108.9,113,"F",2001,0,4
33,108.3,112.9,"F",2002,3,4
26,91.58,97.45,"M",2005,0,3
29,87.6,92.52,"M",2001,2,5
37,76.63,77.5,"F",2001,1,6
41,NA,72.77,"M",1999,0,9
37,66.43,67.1,"M",2006,3,4
37,NA,114.4,"M",2007,2,3
60,123.7,133.8,"M",2006,5,6
43,76.28,77.55,"M",2003,3,8
50,99.12,102.8,"F",2006,4,6
39,77.65,79.65,"M",2001,0,3
55,95.22,100.8,"F",2004,2,5
38,94.95,96.22,"F",2001,2,5
38,91.2,92.6,"M",2002,1,6
30,101.1,101.1,"M",2005,0,3
47,126.8,128.9,"F",2004,3,4
34,99.77,105.7,"F",2005,2,6
38,NA,82.08,"F",2007,2,4
48,116.8,125.5,"F",2006,3,4
56,NA,78.6,"F",2008,5,6
33,79.2,79.75,"M",2003,4,7
24,74.45,77.12,"M",2004,0,4
54,91.67,95.58,"M",2002,3,9
40,NA,97.63,"M",2008,3,4
27,NA,68.78,"M",2007,2,4
38,NA,103.9,"M",2008,2,3
41,83.27,88.35,"M",2006,2,4
53,95.87,101.2,"M",2006,5,6
35,74.5,75.55,"F",2000,1,7
74,NA,114.6,"M",2007,2,3
41,NA,91.47,"F",1999,0,3
68,91.03,98.87,"M",2004,0,5
46,NA,114,"F",2007,5,6
32,101.3,106.9,"F",2003,0,3
46,NA,90.67,"F",1999,0,5
48,104.4,110.4,"M",2005,1,4
52,94.47,95.92,"M",2002,2,5
28,87.75,90.9,"M",2004,3,5
46,93.23,94.47,"M",2000,0,3
31,101.9,105.8,"F",2005,3,5
41,63.9,64.12,"M",2000,0,5
30,93.08,99.18,"M",2002,1,6
31,98.97,105.8,"M",2006,2,4
30,87.48,89.57,"M",2001,0,4
39,122.5,128.3,"F",2002,2,3
26,75.72,81.67,"M",2003,0,4
56,NA,71.1,"M",2007,3,5
34,116.5,123,"F",2002,2,3
34,84.32,85.73,"M",2004,1,3
45,NA,106.2,"M",2008,2,3
50,117.2,121.2,"F",2001,0,6
51,92.3,93.23,"F",2003,2,5
41,NA,105,"F",2008,2,3
40,96.65,100.5,"F",2004,2,3
23,98.77,101.5,"F",2002,0,4
49,103,110.3,"F",2004,0,3
38,86.78,89.45,"M",2002,2,3
54,98.08,100,"F",2004,5,6
48,92.12,92.85,"M",2006,2,4
57,89.72,90.28,"M",2000,1,4
35,92.85,95.73,"F",2001,1,3
37,101.4,104.6,"F",2000,0,3
55,97.72,100.6,"M",2006,3,4
55,69.87,70.03,"M",2005,3,7
31,NA,111.4,"M",2008,2,3
41,67.03,67.32,"M",2002,2,4
33,NA,61.72,"M",2007,4,5
39,105.6,108.6,"F",2002,2,5
25,NA,76.32,"F",2008,2,3
24,75.75,76.1,"F",2001,2,3
30,122.9,122.9,"F",2005,1,4
31,79.53,81.03,"M",2004,4,6
45,NA,97.35,"F",2008,3,4
35,105,109.7,"F",2002,0,3
39,NA,85.63,"M",2007,2,4
43,80.32,81.15,"F",2006,2,4
45,79.28,82,"M",2000,1,3
52,89.62,90.93,"F",2005,5,9
57,97.73,104.7,"M",2004,2,4
50,103.7,107.6,"F",2002,2,7
43,81.97,82.03,"M",2003,4,10
35,82.98,84.78,"F",2006,2,3
42,NA,78.95,"M",2008,3,4
31,110.9,110.9,"F",2002,0,3
39,NA,107,"F",2007,7,9
39,97.62,103.9,"F",2004,0,5
31,68.43,68.68,"M",2002,1,5
38,69.35,69.85,"M",2003,2,5
29,87.73,90.6,"F",2002,3,6
40,82.17,83.5,"F",2002,2,4
54,94.48,99.92,"F",2005,2,4
55,90.57,94.67,"M",2003,2,3
33,92.57,94.77,"M",2000,1,6
36,88.8,95.98,"F",2001,1,4
24,86.28,88.18,"M",2002,2,6
41,87.15,89.25,"M",2003,1,3
41,87.58,89.43,"F",2004,0,4
41,101.6,107.9,"M",2002,2,3
34,61.82,61.92,"M",2001,2,5
60,91.25,93.03,"M",2003,4,5
42,86.7,89.37,"F",2003,1,5
48,88.6,89.13,"M",2000,1,7
46,71.45,71.65,"M",2005,5,8
39,79.82,84.93,"M",2004,0,4
42,80.7,82.93,"F",2003,4,10
44,84.82,87.15,"F",2002,3,5
46,92.8,93.73,"M",2001,2,4
61,78.32,78.47,"M",2006,4,7
39,100.9,100.9,"M",2005,4,5
45,NA,56.45,"M",2007,3,4
30,75.93,76.7,"M",2002,1,3
32,78.48,79.08,"F",2004,2,3
41,70.68,71.63,"M",2004,3,6
31,65.75,67.9,"M",2002,3,4
63,NA,76.38,"M",1999,0,5
24,NA,81.95,"F",2007,1,3
32,90.17,92.22,"M",2003,2,5
36,NA,101.1,"F",2007,2,3
49,101.1,104.8,"M",2004,3,4
35,71.8,72.33,"M",2000,0,4
27,NA,92.4,"F",2007,1,3
43,91.67,93.58,"M",2004,1,3
56,112.8,112.8,"M",2003,1,3
36,84.97,88.02,"M",2003,0,4
23,77.52,78.53,"M",2002,0,3
44,85.05,88.47,"M",2000,1,8
34,103.8,109.8,"F",2004,0,4
25,86.63,87.42,"M",2005,1,4
42,NA,111.7,"M",2008,3,4
36,66.87,67.15,"M",2001,1,3
71,93.23,93.88,"M",2002,1,3
56,98.78,104.9,"M",2003,2,3
32,83.08,85.75,"M",2003,1,3
32,88.75,100.8,"F",2001,2,4
36,104.9,109,"F",2001,2,5
38,104.4,109.2,"F",2001,2,6
62,89.37,95.2,"M",2001,2,3
54,101.2,108.9,"M",2004,0,3
46,86.05,86.43,"F",2005,2,4
42,68.8,71.2,"M",2000,0,4
35,112.1,112.2,"F",2005,1,3
34,71.52,72.5,"M",2000,1,5
51,120.8,125.5,"F",2004,1,3
24,106.7,114.7,"M",2005,0,3
51,86.22,87.7,"M",2000,0,3
42,87.2,92.37,"M",2003,1,4
31,116,124.8,"F",2001,0,5
68,NA,86.53,"M",2008,4,5
37,76.53,77.33,"F",2000,1,3
36,81.13,82.2,"M",2001,1,3
43,102,106.3,"F",2001,2,10
41,NA,104.6,"F",2007,2,3
45,NA,88.35,"F",2008,6,7
25,94.7,100.6,"M",2006,1,3
58,111.1,117.5,"M",2005,4,7
33,80.43,82.03,"M",2004,2,5
41,75.3,75.77,"F",2003,3,4
35,NA,92.13,"F",2007,4,6
53,63.12,63.22,"M",2002,1,4
41,71.8,72.18,"M",2001,2,6
33,82.32,83.65,"M",2003,2,3
39,NA,90.65,"F",2007,5,6
42,77.6,81.63,"M",2004,4,8
32,88.67,92.45,"F",2001,0,4
28,NA,73.93,"M",1999,0,4
31,87.28,88.5,"F",2001,0,4
35,71.47,72.57,"M",2001,0,8
56,NA,103.2,"F",2007,2,3
44,75.12,75.43,"M",2002,0,3
27,NA,88.4,"F",2008,2,3
53,72.17,72.17,"M",2005,1,5
26,80.58,81.8,"F",2004,2,3
29,85.5,86.03,"F",2003,1,4
34,67.15,68.95,"M",2002,0,3
30,88.18,93.27,"M",2003,4,8
36,83.93,85,"M",2003,0,4
54,91.97,99,"M",2004,1,3
28,84.42,89.85,"F",2001,2,5
29,96.18,99.97,"M",2002,0,3
54,107.9,114.4,"M",2004,3,7
31,88.62,90.82,"F",2002,0,3
32,77.83,81.8,"M",2004,2,6
68,NA,73.65,"M",2008,4,5
32,72.35,72.75,"F",2002,2,3
54,NA,72.92,"M",2007,4,5
60,127.4,127.4,"M",2004,2,5
61,90,93.23,"M",2001,2,9
30,82.5,83.78,"M",2005,0,3
33,94.78,96.87,"F",2003,0,5
36,59.5,59.5,"M",2003,2,4
52,105.2,112.4,"F",2005,1,4
42,NA,69.75,"M",2008,4,5
47,96.38,100.2,"M",2003,0,3
42,92.97,97.35,"F",2000,1,5
34,89.77,91.8,"F",2000,0,3
46,NA,83.9,"M",2007,3,4
39,84.92,86.45,"M",2000,0,3
35,78.15,78.62,"F",2004,5,7
58,80.4,80.75,"F",2006,3,5
67,111,114.1,"M",2005,3,4
53,89.13,91.43,"F",2001,2,5
36,76.43,79.28,"M",2000,0,6
31,NA,91.63,"F",2007,2,3
47,NA,91.73,"M",2007,3,5
31,NA,90.63,"F",2007,2,3
31,NA,85.85,"M",2007,5,6
40,87.32,89.77,"M",2000,1,3
36,80.12,81.42,"F",2006,3,5
51,99.8,101.9,"F",2005,3,6
23,60.35,60.67,"M",2001,0,3
45,89.48,92.18,"M",2006,2,3
30,155.8,164.3,"M",2005,2,3
27,91.72,97.72,"F",2002,1,3
33,73.78,74.13,"F",2002,3,7
45,NA,91.22,"F",2007,2,3
46,NA,82.62,"F",2008,4,5
34,82.5,90.02,"M",2005,2,4
30,52,52,"M",2005,2,4
65,NA,97.05,"M",2007,6,8
24,NA,78.37,"F",2007,1,3
35,101.1,105.9,"M",2005,1,3
43,93.02,95.3,"M",2002,1,3
43,73.42,74.5,"M",2004,1,3
33,103.8,107.7,"F",2001,0,5
32,NA,84.78,"F",2008,4,5
43,96.85,105.5,"M",2006,0,3
34,105.2,110.5,"F",2002,1,5
37,98.2,105.3,"F",2004,1,5
68,101.9,107,"M",2006,2,4
53,101.8,105.4,"F",2000,1,3
64,81.42,82.7,"M",2002,0,6
39,71.8,72.48,"M",2004,1,4
32,65.45,65.58,"M",2004,2,4
29,100.1,105.4,"F",2002,0,3
50,90.23,92.15,"M",2003,1,4
34,73.93,74.73,"M",2000,1,4
46,86.92,92.32,"M",2005,6,9
49,104.9,110.8,"F",2003,3,4
59,115.2,121,"M",2006,7,9
48,NA,72.53,"M",2007,4,6
29,107.9,113.9,"F",2006,0,3
25,106.6,115,"F",2005,0,3
29,77.7,80.67,"M",2002,0,5
51,NA,93.6,"M",2008,4,5
56,73.87,74.18,"M",2003,2,3
44,69.53,69.73,"M",2001,2,4
39,77.97,78.47,"M",2006,1,4
51,NA,NA,"M",2005,4,8
28,76.1,79.87,"F",2002,0,4
29,NA,80.12,"M",2007,2,3
43,NA,65.37,"M",1999,0,9
25,104.4,110.5,"F",2004,0,5
57,76.33,79.28,"M",2003,1,4
32,NA,98.1,"F",2007,2,3
39,NA,102.5,"F",2007,2,4
42,NA,63.05,"M",1999,0,6
33,102.4,105.1,"F",2004,2,4
46,80.93,81.42,"M",2005,2,4
34,77.92,78.77,"F",2003,0,4
43,NA,102.7,"F",2007,1,3
39,88.33,92.83,"F",2002,1,4
60,NA,68.98,"M",2008,2,3
27,105.1,112.8,"F",2004,0,3
40,NA,92.68,"F",2008,6,7
47,97.45,103.1,"F",2001,0,7
33,84.02,86.83,"F",2001,2,3
32,72.48,75.23,"M",2000,0,3
32,97.43,102.8,"F",2002,2,6
48,116.8,123.2,"F",2004,3,4
28,NA,98.7,"M",2007,1,3
38,75.78,76.7,"F",2000,1,4
29,98.62,104.1,"M",2003,0,3
50,91.83,93.6,"M",2001,1,5
65,NA,112.8,"M",2007,2,3
29,77.6,79.2,"M",2004,2,6
26,71.02,72.45,"M",2000,1,3
39,77.45,78.93,"M",2005,1,5
45,NA,80.25,"M",2008,2,3
63,93.87,103.3,"M",2006,4,6
24,79.7,82.22,"F",2001,0,3
56,80.1,80.93,"M",2005,4,5
39,89.12,89.87,"F",2000,1,3
39,61.72,61.87,"M",2004,1,3
58,94.13,95.9,"M",2000,1,4
44,NA,75.85,"F",2008,3,4
27,NA,77.48,"M",2007,2,4
53,87.07,88.88,"M",2005,2,4
34,64.38,64.67,"M",2000,1,4
32,66.92,66.92,"M",2005,1,3
48,65.17,65.4,"M",2003,2,8
42,115.5,123.1,"F",2004,2,5
26,69.1,69.32,"F",2004,1,3
40,NA,66.68,"M",2007,4,5
51,107.8,114.3,"F",2005,1,4
39,88.95,92.92,"M",2000,0,5
41,94.85,101.6,"M",2005,2,3
29,77.27,78.22,"F",2000,1,6
51,82.88,84.17,"M",2005,1,4
49,71.12,71.18,"F",2003,3,6
27,91.2,93.93,"F",2000,1,8
27,NA,97.83,"M",1999,0,4
41,78.15,81.93,"M",2002,0,4
41,NA,91.57,"F",2008,3,4
26,NA,86.93,"F",2008,3,4
34,92.72,97.12,"M",2002,3,6
35,110,114.8,"F",2002,1,3
25,84.83,85.72,"M",2003,0,3
48,89.82,95.53,"F",2004,2,3
46,NA,105.1,"F",2008,3,4
55,80.03,81.07,"M",2003,2,4
55,NA,89.88,"M",1999,0,3
53,89.22,90.75,"F",2004,1,4
35,78.22,80.08,"M",2000,0,3
37,NA,83.1,"F",2007,4,5
51,108.2,113,"M",2003,2,4
51,107.6,111.9,"F",2002,2,7
60,92.5,93.55,"M",2000,1,8
37,81.78,86.98,"M",2006,5,7
53,91.88,93.28,"M",2003,2,3
26,93.4,98.35,"F",2005,2,5
56,90.03,93.55,"M",2006,6,9
50,96.83,102.6,"M",2005,3,5
39,NA,69.03,"F",1999,0,4
40,115,122.8,"F",2005,1,4
53,62.38,62.47,"M",2003,2,7
28,NA,67.53,"M",1999,0,8
52,106.2,113.6,"M",2006,4,5
60,79.2,80.13,"M",2003,1,3
26,NA,109.8,"M",2008,4,5
58,NA,72.9,"M",2007,4,5
31,77.73,78.88,"M",2001,2,4
38,NA,83.55,"F",2008,5,6
49,NA,82.25,"M",2007,7,8
29,58.68,58.75,"M",2002,1,5
38,79.02,79.53,"F",2002,2,6
38,NA,88.4,"M",2007,3,4
50,93.57,97.92,"F",2006,1,3
26,NA,87.05,"M",2007,1,3
34,81.22,82.13,"F",2004,1,3
50,77.35,77.9,"M",2004,0,4
25,NA,95.45,"F",2007,0,3
38,NA,95.88,"F",2008,2,3
50,90.97,95.65,"F",2001,1,6
49,NA,72.35,"M",2008,7,8
40,NA,75.78,"M",2008,2,3
34,116.4,116.4,"F",2005,4,8
34,95.57,101.8,"M",2002,0,3
31,NA,111.3,"F",2007,1,3
44,NA,90.13,"F",2007,5,7
59,99.55,105.1,"M",2003,2,3
44,88.13,88.58,"F",2004,3,4
37,78.93,79.63,"M",2001,0,4
36,NA,86.83,"F",2007,2,4
42,91.37,92.22,"M",2003,1,4
39,NA,73.45,"M",2008,2,3
26,111.2,115.8,"F",2002,0,6
53,87.05,88.22,"M",2000,1,4
37,90.43,93.55,"M",2004,1,4
56,NA,121.8,"F",2008,3,4
49,110.8,116.4,"F",2003,2,7
41,87.42,89.52,"F",2004,1,4
43,63.98,64.07,"M",2002,1,4
50,87.83,92.08,"F",2000,1,3
32,91.08,96.52,"F",2003,0,3
31,70.27,70.47,"M",2000,0,5
51,NA,69,"M",1999,0,8
34,117.7,117.7,"F",2005,1,3
28,101.4,101.4,"F",2003,0,3
54,NA,112,"F",2008,3,4
42,74.97,90.92,"M",2001,1,5
50,103.1,105.8,"M",2004,3,4
27,89.4,96.17,"M",2001,1,4
41,NA,73.17,"F",2007,3,5
33,72.38,73,"M",2003,1,3
38,NA,55.35,"M",2008,3,4
32,88.43,89.35,"F",2004,2,4
59,NA,89.05,"M",1999,0,3
32,NA,105.1,"F",1999,0,4
38,100,106.7,"M",2006,1,3
39,82.57,88.02,"M",2004,1,3
29,63.88,63.88,"F",2002,0,3
35,81.85,83.02,"M",2000,0,3
32,90.47,91.7,"F",2002,3,9
35,74.08,80.05,"M",2004,3,7
46,93.57,93.57,"M",2002,2,5
52,83.78,84.28,"F",2003,3,8
41,131.2,138,"F",2005,1,3
62,103.8,106.2,"M",2000,1,3
37,118.2,124.2,"F",2004,1,4
39,NA,85.33,"M",2007,1,3
31,81,84.07,"M",2004,2,3
61,89.8,94.1,"M",2004,2,5
60,95.33,99.75,"M",2002,2,7
27,77.2,79.37,"M",2006,0,3
44,68.45,68.7,"M",2002,3,7
38,NA,58.48,"M",1999,0,4
28,63.32,63.55,"M",2002,1,5
38,87.02,88.62,"F",2005,5,6
35,82.93,84.6,"F",2001,1,3
51,69.33,69.88,"M",2004,3,5
41,106.3,109.6,"M",2004,1,3
36,57.5,57.58,"M",2003,3,6
33,NA,91.33,"F",2007,4,6
55,NA,80.43,"M",2008,2,3
44,66.73,67.2,"M",2001,1,7
45,75.83,76.37,"M",2004,5,10
30,93.07,96.75,"F",2004,2,3
51,NA,100.4,"M",2007,2,4
37,102.2,107.8,"M",2003,1,7
55,NA,100.9,"M",2007,6,7
34,95.38,97.45,"F",2004,1,3
45,87.18,89.32,"M",2001,1,6
51,98.47,104.2,"F",2002,1,5
40,77.9,79.55,"M",2004,2,3
30,86.83,88.67,"M",2000,0,3
47,NA,89.65,"M",1999,0,8
38,91.12,91.73,"M",2000,1,9
40,87.48,95.08,"M",2004,0,4
31,NA,82.13,"F",2007,2,3
61,102.8,107.3,"M",2005,2,4
58,116.8,117.4,"M",2005,6,8
45,70.58,70.95,"M",2001,1,7
26,NA,74.8,"M",2007,1,3
28,65.55,65.78,"M",2003,2,3
50,90.18,92.27,"M",2005,4,8
43,71.42,73.4,"M",2002,2,3
38,NA,63.73,"M",2007,1,3
53,98.08,99.42,"M",2003,1,5
60,112.5,115.2,"F",2001,1,6
65,NA,94.13,"M",2007,6,8
47,72.55,78.27,"M",2001,2,8
58,88,94.33,"M",2003,1,6
35,NA,65.43,"M",2007,7,9
40,93.52,99.23,"M",2004,2,3
40,86.62,87.88,"M",2001,1,8
45,NA,79.6,"M",2008,4,5
60,NA,84.68,"M",2007,5,7
58,63.28,63.3,"M",2003,4,7
41,69.23,69.45,"M",2005,4,6
58,84.12,87.45,"M",2001,2,9
48,80.6,81.35,"M",2000,1,4
35,93.4,94.65,"M",2001,1,4
26,NA,110.4,"F",2007,2,4
58,123,128.6,"M",2003,0,3
34,NA,86.08,"M",2007,2,3
50,117.4,120.1,"F",2005,0,3
36,84.38,87.6,"F",2006,1,4
69,92.72,93.85,"M",2003,3,7
58,99.97,105.8,"M",2002,0,5
34,70.85,71.1,"F",2001,0,6
54,101.2,104.3,"M",2001,2,9
46,NA,93.08,"M",2007,6,7
29,NA,75.83,"M",2008,2,3
48,NA,70.72,"M",1999,0,3
37,70.88,71.67,"M",2001,0,3
55,NA,98.33,"F",2008,6,7
37,85.65,87.32,"M",2006,2,4
33,100.8,101.9,"F",2004,3,4
57,95.12,98.53,"M",2004,3,4
50,99.72,107.5,"M",2005,3,4
36,NA,76.4,"M",2007,5,7
40,92.13,93.93,"F",2004,0,3
70,91.17,99.15,"M",2006,2,5
31,103.3,111.5,"F",2005,2,4
37,80.7,81.7,"M",2002,0,3
50,NA,78.37,"M",2007,4,6
72,NA,102,"F",1999,0,3
40,NA,66.22,"M",1999,0,5
36,89.95,92.8,"M",2004,0,3
46,NA,101.4,"F",2007,4,6
36,79.02,82.18,"M",2002,0,4
36,75.32,76.37,"M",2005,1,3
25,NA,98.67,"F",2008,3,4
44,NA,101.2,"M",1999,0,5
47,91.28,94.47,"F",2003,1,3
49,83.62,87.3,"M",2006,4,6
50,NA,104.2,"F",2008,2,3
41,87.07,89.72,"F",2001,1,3
44,66.62,66.7,"F",2006,6,9
62,142.2,150.4,"M",2004,2,3
37,NA,116.7,"F",2007,2,4
34,NA,100,"F",1999,0,4
23,95.52,98.7,"F",2006,3,5
29,88.72,94.43,"F",2002,0,4
35,70.22,72.32,"M",2003,1,5
38,NA,109.8,"F",2008,2,3
54,NA,97.58,"F",2008,5,6
41,72.7,73,"F",2004,2,3
57,80.48,81.73,"M",2000,1,9
58,87.58,88.7,"M",2004,2,3
37,80.87,81.22,"M",2001,1,4
46,71.62,71.97,"M",2004,1,3
38,99.12,103.5,"F",2003,2,4
42,153.8,153.8,"F",2005,0,3
41,NA,72.17,"M",1999,0,7
37,69.57,70.5,"F",2004,2,4
32,97.78,103.5,"F",2002,1,6
38,93.4,96.62,"F",2005,2,3
33,94.48,95.82,"F",2005,0,3
29,NA,88.47,"F",2007,1,3
24,NA,60.07,"M",2008,2,3
36,87.5,92.62,"F",2006,1,4
27,88.75,95.05,"M",2005,2,3
57,68.43,68.55,"M",2002,2,6
37,NA,88.87,"M",2007,1,3
48,90.13,92.55,"M",2000,1,9
25,98.87,102.7,"F",2002,0,3
43,81.27,82.95,"M",2003,0,3
49,94.47,101.6,"M",2006,4,6
32,105.4,111.4,"M",2003,0,3
52,73.88,74.25,"M",2005,5,8
49,101.9,105.6,"M",2001,2,3
29,88,88.13,"M",2002,2,3
58,NA,82.72,"M",2007,5,6
44,97.97,101.6,"M",2004,3,5
32,88.48,93.08,"M",2005,3,4
39,NA,93.98,"F",2008,3,4
46,93.1,100.3,"M",2006,0,3
50,61.35,61.37,"M",2003,3,7
31,72.08,73.12,"M",2002,3,7
29,NA,71.9,"M",1999,0,4
60,76.57,77.85,"M",2003,2,3
25,68.32,69.2,"M",2001,1,8
49,105.1,110.2,"F",2002,2,4
68,84.98,85.18,"F",2005,4,8
39,92.12,97.52,"F",2001,1,3
45,82.05,83.95,"M",2006,2,5
22,75.08,76,"F",2003,0,6
49,82.72,84.45,"M",2001,2,3
47,77.08,78.75,"M",2000,0,3
39,NA,119.4,"F",2007,2,4
33,62.87,62.98,"M",2004,1,3
26,87.72,90.55,"F",2001,1,4
28,114.2,116,"F",2001,0,3
34,NA,85.65,"M",1999,0,3
35,NA,94.65,"F",1999,0,3
47,88.4,90.85,"F",2000,1,3
48,84.12,84.97,"M",2005,4,8
24,95.65,102.9,"F",2005,1,3
52,94.65,101.3,"M",2002,1,3
36,67.75,67.8,"M",2005,2,3
46,74.63,75.88,"M",2004,3,6
47,91,94.9,"M",2003,1,7
65,NA,95.82,"F",2007,5,7
31,100.7,108.4,"F",2004,1,3
23,92.2,97.85,"F",2004,0,3
29,94.8,99.57,"F",2004,2,4
52,88.2,91.52,"M",2001,2,6
41,NA,77.73,"M",1999,0,8
67,100,104.2,"M",2002,1,3
39,123.7,130.7,"F",2004,3,4
54,119.4,126.4,"M",2004,1,3
53,NA,83.87,"M",1999,0,8
47,103.1,108.6,"M",2002,2,7
40,72.32,72.62,"M",2000,1,3
36,105.6,109.5,"F",2004,4,8
48,109.1,111.4,"F",2000,1,6
28,68.47,68.87,"M",2003,0,3
39,78.75,79.9,"M",2006,2,3
31,84.55,86.28,"M",2005,3,5
43,NA,89.82,"M",2007,1,3
38,90.38,94.37,"M",2005,1,4
51,102.1,105.5,"F",2004,0,3
48,NA,100,"F",2007,2,4
50,106.3,110.2,"F",2004,3,7
46,NA,74.97,"M",2008,9,10
45,122.8,122.8,"F",2005,0,4
31,88.3,92.18,"F",2005,2,3
50,91.22,96.72,"F",2005,4,7
45,83.58,84.3,"M",2000,1,6
44,69.27,69.32,"M",2003,3,8
54,105.5,105.5,"F",2003,0,3
57,NA,75.5,"M",2007,5,7
47,92.95,95.42,"M",2002,0,5
44,87.18,89.25,"F",2000,0,5
48,100.5,105,"F",2002,2,4
43,89.4,90.42,"F",2001,0,3
24,93.12,98.6,"F",2004,1,3
37,72.03,72.23,"F",2001,1,5
37,75.9,76.83,"F",2003,1,3
41,102.4,108.8,"M",2002,0,4
31,NA,91.55,"F",2007,4,5
30,85.28,87.38,"F",2004,2,3
35,88.13,89.27,"F",2002,1,4
61,NA,90.12,"M",2007,7,8
34,112.8,115.9,"F",2006,2,3
50,101.8,109.6,"M",2006,7,8
49,86.53,92.93,"M",2002,1,5
31,83.8,87.45,"M",2003,2,6
44,67.5,67.68,"M",2000,1,9
22,73.17,73.52,"F",2000,0,4
41,70.33,71.75,"M",2004,0,4
28,78.7,79.53,"F",2003,3,5
23,73.6,76.3,"F",2003,0,3
33,83.42,84.97,"F",2004,2,4
65,NA,136.4,"M",1999,0,6
52,82.88,83.53,"F",2000,0,3
32,NA,74.77,"M",2007,2,4
31,97,103.3,"F",2004,5,8
48,NA,70.22,"M",2008,8,9
34,103.1,103.1,"F",2005,3,4
27,NA,72.35,"M",1999,0,5
51,71.12,72.5,"M",2006,3,4
54,70.53,71.15,"M",2001,1,7
61,110.4,116.4,"M",2005,5,6
47,NA,85.87,"M",1999,0,3
35,66.83,67.65,"M",2006,3,6
31,71.9,72.78,"M",2003,3,4
50,95.13,98.83,"M",2003,0,5
45,NA,77.58,"M",1999,0,8
41,64.65,64.78,"F",2003,3,9
50,111.1,116.9,"F",2002,1,5
34,98.85,104.8,"F",2003,1,4
38,82.92,89.78,"M",2004,3,5
40,112.8,116.5,"F",2000,1,4
27,NA,98.38,"F",2008,2,3
57,98.25,101.1,"M",2000,1,7
33,NA,79.37,"M",2007,3,4
47,86.17,86.27,"M",2004,1,4
46,91.22,94.4,"M",2002,1,7
47,NA,85.78,"M",1999,0,5
31,96.42,103.8,"F",2006,2,3
39,82.42,83.67,"M",2002,0,6
64,89.92,91.88,"M",2004,4,8
57,74.25,74.33,"F",2006,4,7
28,78.07,79.62,"F",2003,1,4
47,72.42,72.78,"M",2005,2,6
41,NA,82.85,"M",2007,4,6
23,94.92,99.97,"F",2004,0,3
36,94.58,97.43,"F",2005,6,7
33,78.73,79.52,"F",2003,2,4
27,94.8,98.23,"F",2001,0,3
39,125.5,130.7,"F",2004,0,4
58,118.5,123.6,"M",2001,2,4
40,86.45,86.58,"M",2004,0,3
40,81.47,81.8,"M",2000,1,4
62,89.37,89.37,"M",2004,3,6
58,99.22,101.8,"F",2000,0,7
35,72.07,72.83,"M",2005,2,3
59,86.55,89.68,"M",2004,4,9
52,98.48,100.2,"M",2004,3,6
43,NA,102.6,"F",2008,2,3
42,NA,78.73,"F",2007,2,3
36,65.05,65.2,"M",2002,2,4
62,NA,98.38,"M",2007,6,7
38,67.33,68.73,"M",2001,0,4
44,NA,88.28,"M",1999,0,4
56,102.2,103.1,"F",2001,0,4
43,101.9,107.1,"F",2003,2,6
34,60.95,61.08,"M",2003,2,5
43,NA,97.77,"F",2007,3,5
40,77.58,81.85,"M",2002,1,3
31,75,77.95,"M",2003,0,4
26,NA,94.67,"F",2007,2,3
49,NA,104.7,"F",2007,1,3
32,64,64.57,"M",2005,3,5
26,95.12,97.62,"F",2002,1,4
42,NA,94.18,"F",2007,3,5
62,83.72,84.62,"M",2001,2,9
34,74.37,74.88,"M",2000,1,7
41,NA,79.88,"F",2008,3,4
38,NA,68.1,"M",1999,0,7
60,112.6,115.2,"F",2001,2,5
39,95.42,101,"F",2001,0,6
49,81.7,82.7,"F",2004,3,4
33,101,107,"M",2006,0,3
24,92.18,97.1,"F",2004,1,3
41,92.78,95.38,"M",2006,2,3
43,92.08,95.33,"F",2006,2,4
45,69.32,69.58,"M",2003,4,7
35,84.3,85.25,"F",2006,3,4
54,79.58,80,"M",2000,1,3
38,78.78,80.35,"M",2002,2,6
39,75.82,82.45,"M",2003,1,5
32,98.35,103.3,"F",2005,2,3
39,84.28,87.75,"M",2006,3,5
61,NA,82.03,"M",2008,7,8
60,91.08,94.17,"M",2001,2,3
26,NA,85.23,"F",2008,2,3
48,79.15,79.53,"M",2004,4,8
30,107.8,110.4,"F",2001,0,3
38,95.4,99.93,"M",2003,2,4
36,99.75,106.6,"F",2005,0,3
28,76.85,81.93,"M",2006,2,3
37,71.27,71.27,"M",2003,1,3
47,84.45,85.7,"F",2003,3,5
39,NA,67.83,"M",2007,1,3
53,NA,94.6,"F",2007,2,4
46,NA,78,"F",2008,4,5
45,70.82,71.12,"M",2000,1,7
36,NA,115.2,"F",1999,0,3
57,114.4,117,"M",2002,0,4
45,81.72,83.95,"F",2000,0,9
34,76.93,82.23,"M",2002,1,3
29,94.63,97.82,"F",2001,0,4
32,NA,83.5,"M",1999,0,5
52,75.33,76.05,"M",2004,1,4
60,71.7,72.32,"M",2004,4,7
40,125.8,130.3,"F",2003,2,3
42,NA,73.72,"M",2007,2,3
25,106.1,106.1,"M",2005,0,3
39,77.93,82.23,"F",2002,3,6
36,90.35,92.5,"F",2001,0,4
53,91.85,91.85,"M",2005,0,3
41,83.08,84.6,"M",2003,3,5
39,112.5,119.2,"F",2004,1,5
24,105,105,"F",2005,1,3
20,NA,68.88,"M",2007,2,3
42,NA,87.13,"M",2007,3,5
44,68.88,69.22,"M",2006,2,3
31,82.38,88.22,"M",2003,2,5
38,108.8,111.6,"F",2006,2,3
30,NA,110.6,"F",1999,0,4
39,NA,105.8,"F",2007,2,4
46,85.45,87.08,"M",2000,1,6
49,99.5,103.1,"F",2001,0,3
21,79.02,82.45,"F",2002,0,3
41,89.3,90.17,"F",2004,1,3
34,98.63,102.8,"F",2003,1,4
33,102.9,108.1,"M",2003,1,4
48,83.45,86.8,"M",2004,3,7
43,NA,64.88,"F",2007,4,6
57,90.03,92.45,"M",2000,0,5
68,NA,86.28,"M",2008,9,10
33,NA,92.83,"F",2007,1,3
58,90.23,93.83,"M",2001,2,3
45,110.2,116.4,"M",2005,2,4
41,93.4,94.6,"F",2000,1,4
30,NA,76.47,"M",2007,1,3
29,94.65,102.2,"F",2004,1,5
27,88.32,92.33,"M",2005,2,5
30,108.9,112.8,"F",2000,0,4
29,77.9,79.77,"M",2004,4,8
41,70.87,71.7,"M",2002,0,3
34,93.25,96.33,"F",2004,3,5
50,119,121.8,"M",2002,2,3
55,NA,87.82,"M",2008,2,3
50,63.92,63.95,"M",2006,1,4
37,90.05,92,"F",2000,0,3
41,NA,97.97,"F",2007,4,5
30,NA,83.33,"F",1999,0,4
29,96.83,100.5,"F",2005,0,3
30,79.32,81.2,"M",2000,0,4
52,NA,98.05,"F",1999,0,5
52,NA,98.95,"M",1999,0,3
42,98.5,102.4,"F",2005,2,3
51,NA,78.67,"M",2008,8,9
43,103.3,105.8,"F",2005,2,3
59,NA,76.43,"M",2008,4,5
23,78.3,79.55,"F",2003,1,5
27,89.22,91.27,"F",2000,1,6
28,111.8,116.9,"F",2003,0,3
29,93.03,96.55,"M",2004,0,4
36,66.52,67.1,"M",2000,0,3
30,90.18,94.42,"F",2003,4,8
66,109.3,117.9,"M",2006,4,6
29,96.15,98.87,"F",2004,3,4
30,69.75,70.18,"F",2000,0,3
35,NA,70.85,"M",1999,0,3
34,90.12,93.2,"F",2003,4,7
53,NA,109.2,"M",2008,6,7
58,81.4,81.9,"M",2002,2,3
27,75.85,76.38,"M",2006,1,3
50,NA,93.2,"M",2007,2,4
44,NA,96.33,"M",2007,3,5
41,104.8,108.9,"F",2003,1,3
40,71.58,71.87,"M",2002,0,5
28,87.18,92.98,"M",2006,0,3
44,72.32,72.83,"M",2003,1,3
51,92.67,100.5,"M",2004,1,3
51,NA,88.9,"M",1999,0,4
31,NA,82,"F",2007,1,3
43,NA,65.78,"M",2008,4,5
36,97.27,99.18,"F",2005,1,3
52,84.75,86.45,"M",2003,2,6
36,110.5,114,"M",2000,1,4
30,93.87,97.52,"F",2003,0,3
31,77.63,78.35,"F",2000,1,3
66,108.5,112.8,"M",2002,2,3
30,108.2,110.1,"F",2005,2,3
36,NA,87.17,"F",2007,2,3
27,127.3,131.7,"F",2004,2,4
51,96.18,98.02,"M",2001,2,5
35,95.62,99.32,"M",2001,0,3
50,112.9,117.3,"F",2002,1,5
37,73.6,74.17,"M",2000,0,5
48,88.9,92.83,"M",2005,1,3
26,71.02,71.15,"F",2006,2,3
64,NA,95.65,"F",2008,2,3
33,76.38,77.6,"M",2003,2,4
51,NA,87.03,"M",1999,0,5
42,88.98,90.75,"F",2005,1,3
30,75.85,86.45,"F",2001,1,8
30,107.8,114.5,"F",2005,1,4
39,119.2,122,"M",2003,3,4
50,96.13,99.97,"M",2004,3,7
38,78.95,80.45,"F",2001,0,4
27,129.7,135.7,"F",2003,2,7
35,63.83,64,"M",2004,0,3
26,99.03,103.1,"F",2005,3,4
52,NA,68.73,"M",2007,6,8
56,70.5,70.5,"F",2006,5,6
26,85.72,92.22,"F",2006,2,3
30,81.9,82.97,"M",2002,3,5
41,114.3,121.4,"F",2004,1,5
50,82.18,82.18,"M",2002,1,5
58,94.1,99.9,"M",2002,2,4
23,60.35,60.68,"M",2004,0,3
45,110.1,113.8,"F",2003,4,10
48,83.12,85.67,"M",2000,1,4
50,63.07,63.13,"M",2003,2,3
44,NA,89.87,"F",2007,2,3
52,NA,96.88,"F",2008,5,6
27,109.2,117.7,"F",2006,0,3
39,NA,91.68,"F",2008,2,3
22,91.88,94.55,"F",2001,1,6
54,NA,89.43,"M",2007,2,3
41,57.7,57.77,"M",2002,3,6
34,82.05,86.32,"M",2004,1,3
54,NA,63.85,"M",1999,0,7
37,99.23,102.3,"F",2001,1,3
51,95.7,99.45,"F",2001,1,3
35,102.2,103.2,"F",2002,0,4
28,NA,70.2,"M",1999,0,3
37,85.75,87.75,"F",2002,1,4
34,NA,84.18,"M",2007,1,3
29,87.75,92.68,"M",2002,0,3
41,87.28,89.27,"M",2003,1,4
23,112.8,121.6,"M",2006,1,4
59,NA,135.2,"F",1999,0,3
24,85.33,89.02,"F",2006,0,3
50,93.88,96.17,"M",2004,3,5
55,92.82,95.38,"F",2003,4,8
45,NA,84.28,"M",1999,0,6
51,95.42,98.9,"M",2005,3,4
51,85.45,88.15,"M",2004,2,6
42,76.58,77.9,"M",2004,2,5
33,69.27,69.6,"M",2001,1,3
25,79.92,82.22,"F",2000,0,4
28,88.12,94.67,"F",2004,0,4
41,94.07,95.55,"F",2001,1,4
34,104.8,111.1,"M",2003,0,3
29,56.82,56.87,"M",2002,2,4
33,108.2,112.8,"M",2002,1,3
46,NA,91.42,"M",2008,4,5
32,97.03,103.3,"F",2004,4,5
34,93.93,98.47,"F",2006,0,3
39,NA,88.47,"M",2008,3,4
34,73.2,75.28,"M",2001,2,6
26,132.6,139.3,"F",2003,0,3
53,NA,78.78,"M",2007,2,3
36,98.05,104.1,"M",2006,0,3
48,72.92,76.52,"F",2004,4,5
20,71.2,78.57,"M",2005,1,3
41,NA,90.83,"F",2008,4,5
50,NA,89.72,"M",2007,4,5
65,95.72,95.95,"F",2005,2,6
45,85.1,86.22,"F",2002,3,5
71,121.9,121.9,"M",2004,2,4
37,73.02,76.25,"M",2006,0,3
64,116.9,124.7,"F",2006,3,4
28,101.3,106.5,"F",2002,2,3
57,88.57,91.78,"M",2003,3,6
38,95.88,97.77,"F",2001,1,4
38,93.97,98.42,"F",2001,2,3
24,NA,68.75,"M",2008,2,3
43,99.3,105.1,"F",2002,3,4
31,NA,46.63,"M",2008,2,3
43,NA,91.28,"F",1999,0,5
30,66.57,67.03,"M",2000,0,3
53,95.98,100.2,"M",2000,1,4
26,87.5,90.45,"F",2004,1,3
29,NA,104.1,"F",2007,2,3
33,NA,132.4,"F",2008,3,4
37,98.62,105.7,"F",2004,1,4
32,NA,96.52,"M",1999,0,8
29,NA,90.23,"F",2008,3,4
37,61.73,61.87,"M",2000,0,3
45,75.77,80.05,"M",2006,1,3
30,95.87,99.43,"F",2004,2,3
39,94.28,99.57,"F",2003,1,4
33,NA,67.35,"M",2008,2,3
27,84.08,85.42,"M",2002,2,8
33,82.55,83.18,"F",2000,0,3
31,102.3,108.4,"F",2005,0,3
49,NA,80.02,"M",1999,0,7
27,107,113.3,"F",2003,1,6
56,94.05,99.02,"M",2001,0,3
55,94.62,99.72,"F",2002,1,5
44,76.6,76.97,"M",2004,4,9
43,NA,109.4,"M",2008,3,4
32,NA,72.82,"M",1999,0,6
45,NA,91.6,"F",2008,6,7
36,93.05,95.55,"F",2003,2,7
68,NA,93.37,"M",2007,1,3
47,85,87.07,"F",2004,2,4
42,88.37,91.23,"F",2004,1,4
33,NA,81.05,"M",2007,2,4
47,77.02,77.2,"M",2001,1,8
48,NA,107.2,"F",2008,6,7
23,70.37,73.55,"M",2002,0,7
34,52.13,52.18,"M",2002,1,3
51,89.18,92.18,"M",2005,4,7
48,69.4,69.82,"M",2001,2,6
65,114,117.2,"F",2004,5,6
35,125.6,130.9,"F",2003,2,3
34,83.87,86.6,"M",2001,0,4
45,78.53,78.83,"M",2002,2,3
29,59.12,59.23,"M",2002,0,3
39,67.78,68.05,"M",2002,2,5
39,74.55,78.57,"M",2005,1,3
52,NA,88.93,"M",2007,1,3
46,84.75,90.35,"M",2005,2,6
46,NA,83.65,"M",1999,0,5
26,92.45,94.02,"F",2006,1,4
42,78.1,78.7,"M",2002,1,3
50,85.62,87.52,"M",2004,2,6
29,NA,77.22,"M",2008,2,3
31,NA,76.38,"M",2008,3,4
67,NA,97.48,"M",2008,2,3
33,98.28,101.6,"F",2004,2,3
55,122.3,126,"F",2000,1,5
37,73.3,73.75,"M",2002,1,4
25,82.17,83.13,"M",2003,3,6
49,85.45,90.7,"M",2006,2,4
66,100.6,105.2,"M",2004,1,3
39,84.87,84.87,"M",2003,3,5
51,112.8,116.8,"M",2001,1,3
56,NA,92.82,"M",1999,0,4
25,93.9,94.93,"F",2002,1,4
43,103.1,108.5,"F",2003,1,3
60,92.35,97.48,"M",2004,5,8
44,91.13,92.5,"M",2000,1,3
33,78.93,80,"F",2003,0,6
38,62.67,62.75,"M",2003,4,6
31,89.1,93.2,"F",2004,0,4
30,74.98,75.7,"M",2005,1,3
31,78.18,79.13,"M",2001,2,4
31,102.4,107,"F",2002,1,3
41,85.4,89.22,"M",2003,2,4
43,130.2,130.2,"F",2002,1,3
30,94.93,99.78,"M",2001,0,3
57,122.8,127.3,"M",2000,1,4
53,86.08,89.27,"M",2003,2,6
34,57.97,58.18,"M",2003,4,7
25,NA,95.68,"F",2008,2,3
27,NA,82.65,"F",1999,0,3
28,114.6,119.3,"F",2004,2,4
36,NA,91.73,"M",2007,1,3
45,106.6,112.6,"M",2003,2,4
42,71.95,74.02,"F",2003,2,5
24,NA,83.72,"F",1999,0,3
48,59.6,59.63,"M",2003,2,3
37,89.27,90.73,"F",2004,1,3
27,NA,110.2,"F",2008,2,3
54,74.97,75.18,"M",2001,2,6
47,81.43,84.02,"M",2006,2,4
41,NA,121.3,"F",2008,3,4
59,101.1,104.6,"M",2003,1,3
45,93.88,95.55,"M",2000,0,4
40,NA,92.55,"M",1999,0,4
34,88.45,89.38,"F",2006,2,4
51,103.8,109.6,"F",2006,1,4
31,95.4,100.8,"F",2001,0,5
35,97.9,108.6,"M",2006,3,4
56,75.5,76.18,"M",2002,0,4
37,NA,90.1,"M",1999,0,3
50,NA,76.62,"M",1999,0,5
41,86.62,89.22,"M",2004,2,6
36,NA,95.12,"F",2008,3,4
52,88.07,92.77,"M",2002,3,4
45,101,106.2,"F",2001,2,3
51,76.22,76.83,"M",2001,2,4
39,NA,73.07,"M",2008,4,5
15,88.67,95.58,"F",2006,0,3
65,NA,97.03,"M",1999,0,6
40,77.15,77.33,"M",2003,2,3
54,100.6,103.2,"M",2001,2,6
43,80.58,80.58,"M",2004,4,5
40,NA,74.5,"M",2008,2,3
43,82.67,84.3,"M",2002,1,5
47,88.48,91.65,"M",2002,2,3
29,99.3,107.1,"F",2004,3,6
63,96.75,99.55,"M",2003,4,10
31,NA,90.8,"M",2007,1,3
33,81.08,82.02,"M",2004,0,3
