FishID,Length,Weight
4394,72,4.349
3302,54,1.916
4780,61,2.592
13184,58,2.115
6,73,4.118
13321,93,9.469
4278,69,3.737
4520,56,1.922
3851,67,3.289
3912,75,4.779
13424,57,2.244
4068,77,4.826
3443,86,7.993
3983,73,4.473
4826,59,2.575
3387,65,2.985
4563,63,2.855
4085,60,2.459
1178,75,4.56
188,69,3.769
3184,55,1.84
3854,82,6.018
13396,62,2.587
4264,59,2.367
4949,74,4.467
4013,72,4.126
3842,82,6.887
4837,63,2.862
3610,61,2.743
4355,63,2.871
3982,72,4.098
1314,69,3.2
4531,60,2.302
5007,68,3.736
4042,80,5.449
3257,77,5.083
4122,60,2.586
81,83,6.493
1346,72,4.03
4220,61,2.454
13191,77,5.455
203,74,4.617
3385,75,4.723
4959,70,3.844
3892,74,4.505
3674,67,3.305
4973,78,5.072
4814,64,3.352
3759,62,2.545
4535,50,1.651
4818,69,3.799
4585,70,3.96
13432,57,2.199
4453,80,5.364
4100,62,2.858
3895,73,4.358
5,76,4.519
75,73,4.146
1289,69,3.45
13394,67,2.947
13333,76,4.802
66,73,4.006
3881,68,3.45
1329,78,5.17
13086,82,6.026
3703,62,2.651
3203,55,2.173
1150,67,3.07
4150,61,2.558
13407,85,6.107
4208,67,4.058
4215,87,7.345
4603,61,2.782
1266,57,2
3474,59,2.462
1225,72,4.32
13186,60,2.335
4050,65,3.202
3685,79,5.638
13316,78,5.202
4170,61,2.285
4598,72,4.475
4513,73,3.442
4510,68,3.376
13318,88,8.158
4139,70,3.642
3697,85,7.229
4336,71,3.696
3449,81,6.592
137,62,2.281
13175,60,2.334
3977,79,5.646
3421,80,5.42
4325,66,3.008
4347,70,3.744
13156,80,5.309
1221,57,2.3
4982,72,3.753
4301,58,2.684
3167,63,3.129
3788,92,8.145
4481,70,3.694
3700,63,2.639
3782,76,5.422
4342,62,2.768
4321,60,2.555
13082,88,7.487
1340,72,4
13070,84,6.375
1219,57,1.95
3350,66,3.682
4233,47,1.13
4098,82,6.841
3779,74,4.48
1368,56,1.63
4249,71,3.893
3924,69,3.892
1164,71,3.6
3745,96,9.818
4435,62,2.695
3975,72,4.481
4558,74,3.927
197,71,4.3
3750,67,3.201
3469,61,2.717
61,71,3.965
4813,65,3.159
1242,65,3.05
3570,77,5.366
4781,62,3.096
4579,58,2.053
1385,80,5.81
3204,73,4.381
3831,88,8.199
4037,71,4.008
1334,64,2.83
4207,70,4.318
4819,70,4.267
13165,75,4.736
4160,81,6.05
4369,63,2.941
1342,78,4.49
129,79,5.618
4197,54,1.91
4798,68,3.672
37,60,2.384
3313,93,9.756
4308,71,4.104
13347,62,2.715
3986,71,3.938
169,85,7.765
4575,57,2.116
4026,74,4.747
3903,69,3.745
1360,69,3.56
1335,68,3.29
3807,72,4.036
3747,61,2.482
3902,69,3.582
119,59,2.531
49,78,5.442
143,74,4.179
3234,96,9.302
4386,68,3.378
4624,64,3.069
178,79,6.295
4280,65,3.17
5000,70,3.936
4286,63,2.571
4196,46,1.093
3852,87,7.588
1343,69,3.44
4538,50,1.522
3968,80,5.59
4329,65,3.294
4849,57,2.193
3825,78,5.153
4334,63,2.711
3829,66,3.484
51,66,3.344
4162,50,1.479
4371,65,3.07
69,72,3.903
4303,68,3.869
1277,79,4.94
1345,73,3.72
1232,57,1.89
13071,63,2.363
13350,63,2.546
4383,73,4.479
3934,78,5.614
3329,55,1.972
4619,63,2.618
4802,61,2.128
13185,61,2.463
4856,64,2.549
39,63,2.504
3590,60,2.539
4794,69,3.48
14,88,6.746
4000,67,3.508
1255,76,4.23
3684,71,3.906
4144,81,6.233
4054,77,4.723
4414,65,3.037
4783,68,3.509
3265,73,4.625
5001,68,3.144
4038,74,4.201
4216,61,2.555
3248,71,3.783
3440,75,4.373
3883,62,2.872
4846,64,2.915
3744,65,2.994
3169,64,2.877
13326,88,7.063
3393,98,10.949
1268,74,4.09
26,72,3.757
3814,81,5.045
3942,75,5.336
4021,80,5.605
3988,68,3.502
4065,60,2.497
3375,84,7.174
1172,68,3.53
4034,74,4.448
4597,67,3.427
3980,70,3.848
4275,56,2.1
4543,63,2.515
3791,86,7.52
1227,84,6.49
196,71,4.138
1223,71,3.91
3765,66,3.17
3376,61,2.642
4546,69,3.616
1375,72,4.03
4832,71,4.091
3321,79,6.032
4859,65,3.073
3391,58,2.328
3973,76,4.936
3713,85,6.907
126,75,4.979
3936,81,6.538
13327,76,4.769
3887,61,2.448
1234,66,2.91
3291,62,2.453
3429,73,3.999
3182,60,2.586
3950,79,5.627
3905,67,3.335
3705,78,5.363
4231,54,1.617
4972,74,4.668
180,67,3.861
3163,64,2.933
1176,73,4.141
1373,78,4.82
4061,69,3.431
4533,53,1.812
163,79,5.288
1311,67,2.96
4304,66,3.275
4205,66,3.972
3900,62,3.436
4440,79,5.768
3582,80,5.722
4839,56,2.176
4971,65,3.087
3445,72,4.54
3894,85,6.556
3395,66,3.8
4372,69,4.141
4248,71,4.012
3992,78,5.37
3776,63,2.859
4512,78,4.906
47,59,2.13
4377,61,2.959
1328,67,3.11
4457,77,5.305
3994,68,3.672
3833,70,3.949
3416,59,2.283
4436,88,6.584
4471,63,2.763
4043,72,4.508
1175,63,2.66
4965,69,3.641
4047,74,4.343
154,72,3.925
4323,62,2.781
3658,89,9.122
3943,85,7.411
3795,75,4.33
13324,93,9.929
4522,57,1.859
4858,63,2.71
4549,65,3.024
3899,73,4.207
1341,77,4.2
4796,63,2.536
4488,72,3.689
4175,60,2.27
3753,60,2.191
4339,74,5.086
200,66,3.487
4501,59,1.879
3230,73,4.132
1203,57,1.88
4424,57,2.058
3801,75,4.655
13166,87,7.286
3206,64,2.935
13340,56,2.098
3493,64,3.019
4300,75,4.69
3850,80,5.886
1261,62,2.62
3871,65,2.974
13410,81,5.375
1210,76,4.18
13075,82,5.708
4800,59,2.081
1168,61,2.44
4614,65,3.109
4553,74,4.215
3357,62,2.734
3259,47,1.467
4354,63,2.856
4547,69,3.61
3263,67,3.827
4985,68,3.11
146,70,3.562
1204,73,4.41
4810,51,1.573
4338,71,4.222
3764,60,2.279
4381,65,3.157
4981,65,2.775
3849,65,3.041
113,84,6.62
13405,62,2.363
4127,80,5.986
4857,63,2.728
3315,97,10.998
4209,47,1.234
3945,72,4.503
3996,73,4.541
191,74,4.695
3161,66,3.243
3681,66,3.215
1167,50,1.24
4402,68,3.614
3798,66,3.205
3266,59,2.535
3314,67,3.672
3877,60,2.629
4132,60,2.48
13399,67,3.249
3672,68,3.602
4511,84,6.071
4461,91,9.246
3332,72,4.095
3939,67,3.604
130,75,4.197
3876,62,2.516
4062,80,5.713
13177,78,5.36
4428,81,5.414
4827,71,4.099
13162,68,3.667
3237,54,1.821
158,84,5.468
3382,61,2.589
4576,77,5.155
55,73,4.12
4198,53,1.97
96,81,5.713
4281,68,3.921
3772,78,5.264
144,74,3.936
3888,60,2.506
3196,64,2.761
1259,64,2.83
4359,75,5.107
13352,59,2.248
3960,75,4.895
4956,68,3.763
1350,69,3.36
3865,66,3.154
3363,72,4.901
3873,64,3.106
3728,63,2.861
3967,66,3.24
13420,64,2.758
33,76,4.581
13174,73,4.263
1302,65,3.13
4118,61,2.428
3789,79,5.38
4855,63,2.843
4820,66,3.497
1298,73,4.706
4951,65,3.144
3752,62,2.673
1265,59,2.06
4605,60,2.604
4444,56,2.239
3359,69,3.516
3608,62,2.579
4293,64,2.958
4470,71,4.269
1174,81,6.1
3725,63,2.714
13317,89,8.087
4096,60,2.875
4590,69,3.606
112,71,4.159
4161,56,1.953
3717,69,3.452
4806,65,2.926
4847,57,2.729
4244,63,2.922
1253,69,3.665
1291,64,2.7
3176,76,4.484
4285,66,3.482
4497,74,4.282
4029,72,4.445
4235,61,2.473
57,81,5.704
4557,55,1.959
4588,72,4.346
4239,59,2.406
3816,80,5.802
1348,64,2.69
3856,74,4.389
4296,70,3.772
3472,59,2.4
105,76,4.585
4467,57,1.741
20,71,3.727
4523,60,1.969
3328,75,4.633
3571,71,3.93
111,77,4.786
1246,70,4.05
4044,72,4.107
127,60,2.602
70,70,3.766
3665,88,7.834
4356,66,3.162
4964,67,2.978
13331,86,7.502
3959,65,3.291
4842,73,4.313
3701,81,5.781
1188,76,4.66
3216,60,2.638
4835,56,2.254
13188,60,2.299
13337,90,7.916
3267,74,4.837
4241,56,1.99
4804,67,3.252
3773,76,4.739
3282,59,2.624
99,71,3.994
1228,66,3.47
3933,73,4.552
3254,75,4.545
3652,68,3.735
4398,75,4.615
4400,62,2.723
4548,58,2.052
4405,68,3.521
3944,70,3.775
4226,58,1.984
4977,64,2.936
4079,62,2.61
3732,80,5.208
3688,66,3.505
3432,70,3.856
7,68,3.64
3981,76,5.229
4431,75,4.84
3861,91,8.549
1349,77,5.05
4121,60,2.564
157,72,3.648
15,76,4.789
3907,75,4.78
3372,82,6.751
4476,68,3.633
4060,65,2.836
72,74,4.036
3446,65,3.183
98,82,5.904
4411,70,3.991
4017,73,4.685
3958,65,3.206
3307,61,2.6
3828,75,4.87
1319,74,4.7
1154,75,4.32
1,72,3.979
3389,62,3.031
13415,72,3.847
3384,63,2.837
4805,62,2.579
4053,80,5.276
168,80,5.587
3576,58,2.535
3718,63,2.808
3830,78,5.181
3661,79,5.944
3915,65,2.994
2,76,4.48
3589,59,2.497
1295,78,4.93
4413,70,3.877
1281,58,1.94
165,80,5.144
13176,97,10.031
3340,87,8.035
4267,75,4.508
4791,63,2.875
3475,61,2.396
4823,60,2.64
3682,68,3.258
3453,83,6.285
4974,77,5.522
4552,73,5.03
3823,73,4.391
50,81,6.067
4811,65,3.16
3969,72,4.173
3190,83,6.29
3594,71,3.879
4,52,2.314
3226,61,2.502
4103,73,4.725
3414,64,3.156
4621,63,2.994
13341,59,2.581
4527,58,1.874
1387,73,3.89
13397,76,4.935
3670,80,5.968
90,58,2.095
3297,56,1.862
3586,82,5.924
4299,60,2.69
1233,68,3.12
3964,68,3.819
4824,66,3.08
3720,61,2.599
4193,56,2.21
1247,71,3.73
3482,61,2.45
4612,65,3.337
35,53,1.732
13353,60,2.346
4941,71,4.125
1196,73,5.4
3400,64,3.011
4031,70,4.212
5012,58,1.861
3490,89,8.127
3262,75,5.146
4485,68,3.273
1189,74,4.12
132,71,3.656
3696,73,4.596
142,72,3.881
3920,75,4.609
136,81,6.075
3916,77,5.177
3727,67,3.362
4484,66,3.136
3459,80,5.644
3301,77,4.862
4479,72,3.675
4177,61,2.486
4183,52,1.468
4097,75,4.855
1230,65,2.87
3599,59,2.087
5008,71,3.826
4351,74,4.261
4011,65,3.17
4182,50,1.274
13408,71,3.83
4071,76,4.588
1267,55,1.71
4348,68,3.505
71,71,4.251
4058,72,4.137
4967,68,3.784
4313,61,2.63
4117,61,2.633
3290,60,2.591
4279,73,4.726
3428,55,2.019
3597,60,2.199
3751,63,2.594
4998,64,2.71
1177,69,3.99
3972,83,6.115
4145,54,1.723
4010,73,4.11
4445,63,2.907
4166,58,1.974
3331,105,13.164
4099,68,3.418
1194,74,4.21
4556,69,3.945
3457,76,5.33
3954,68,3.672
4788,66,3.178
4078,76,4.461
1254,71,3.71
3492,70,3.627
3946,78,5.483
4297,68,4.2
1257,61,2.36
4124,61,2.697
4578,76,4.84
3891,74,4.353
3415,58,2.359
4954,63,2.445
4002,72,4.255
1191,70,3.7
4032,80,5.646
4506,79,4.985
95,88,7.477
4449,77,4.915
3870,72,4.009
3426,83,6.942
4462,63,2.826
3454,101,10.578
4442,61,2.785
3218,60,2.635
1313,69,3.15
4524,60,2.152
3598,64,2.75
4604,77,5.235
4388,70,3.741
4333,64,3.369
3324,93,9.826
1244,61,2.6
3999,71,4.33
4502,57,1.905
1148,76,3.86
3596,57,1.941
139,77,4.76
13411,66,2.97
3232,67,2.879
4133,59,2.461
3984,75,4.963
4236,53,1.556
13332,73,3.986
3327,66,3.175
3231,81,6.025
3488,76,4.942
29,72,4.177
4825,66,3.343
13313,85,6.94
4625,69,3.514
123,64,2.542
4504,75,3.833
1152,72,3.95
3165,78,6.756
3821,80,5.474
60,78,5.22
3699,68,3.185
78,74,5.05
133,66,3.492
4509,78,4.65
4087,58,2.157
145,72,3.219
3689,85,7.227
3869,70,3.744
4465,65,2.631
4615,62,2.695
4362,70,3.811
4001,68,3.514
3820,74,4.784
3258,58,2.376
41,83,6.003
1263,75,4.35
4448,75,5.013
4358,70,3.838
3465,71,4.028
159,88,7.039
4353,69,3.674
4434,69,3.711
3966,75,5.177
58,80,5.517
1205,76,4.61
4446,77,5.256
3840,74,4.441
167,77,4.815
4173,52,1.592
4272,64,2.932
3233,59,2.331
3824,97,10.458
4112,73,3.921
3278,60,2.704
67,59,2.31
1353,80,4.96
3769,95,10.225
1310,65,3.1
138,81,5.257
13429,60,2.301
4555,66,3.275
4790,61,2.583
198,78,5.508
1374,61,2.38
3450,76,5.444
3677,92,8.607
4335,69,3.929
4430,64,2.628
3386,79,5.93
13155,96,10.921
4580,68,3.738
3253,62,2.579
18,81,5.977
4518,77,4.316
1315,74,4.02
3461,86,7.427
184,72,4.342
3592,59,2.459
4447,71,4.03
13400,74,4.83
3997,83,6.85
3247,53,1.638
4366,65,3.162
4089,60,2.338
4332,65,3.224
3225,60,2.412
4108,58,2.34
3913,68,3.348
3923,66,3.225
185,71,4.204
1351,72,4.14
1231,58,2.23
3573,74,4.451
4186,51,1.629
56,75,4.451
3491,94,9.054
3343,104,13.208
4110,70,3.924
1215,70,3.55
3708,67,3.397
3296,56,1.987
3756,60,2.524
4187,52,1.467
4302,72,4.239
3166,88,7.387
4234,48,1.318
4989,61,2.412
13348,59,2.302
4503,71,3.337
3483,90,8.243
13342,67,3.42
1303,67,3.55
103,68,3.206
3318,74,3.794
3918,75,4.74
3181,64,2.912
3417,58,2.479
3976,68,3.885
4176,57,1.989
4792,69,3.596
4125,60,2.491
3397,80,5.66
4999,67,3.134
3846,73,4.782
1238,73,4.78
4969,63,2.82
176,70,4.122
4785,64,2.911
3937,79,6.036
147,60,2.252
1354,67,3.36
3729,63,2.883
141,73,4.305
4483,75,4.297
3734,68,3.213
3848,64,2.886
3333,76,4.77
3775,86,7.079
4055,79,4.995
13320,89,5.392
3467,87,7.767
4179,54,1.641
3763,58,1.996
3812,89,8.322
3250,76,5.008
1240,74,4.32
4140,77,5.026
52,76,4.638
3715,85,7.725
3740,64,2.853
3367,68,3.724
4138,78,4.111
3785,72,3.9
162,75,4.675
193,79,5.851
13160,83,6.936
4252,55,1.692
54,87,7.315
38,60,2.278
3654,88,8.097
1361,76,4.75
89,93,9.398
4492,74,4.319
13423,70,3.459
3413,79,5.415
4222,57,1.893
4416,70,3.854
3749,64,2.802
1220,68,3.46
3205,82,6.102
3844,67,3.223
1173,66,3.09
4848,64,2.825
3202,75,4.79
4202,57,2.478
13416,61,2.438
4573,64,2.975
27,73,3.862
3686,81,6.254
13062,79,5.288
4379,67,3.149
3425,93,10.09
3797,65,2.951
3698,68,3.644
92,81,5.75
4282,82,8.346
5011,62,2.512
3845,63,2.796
4601,65,2.959
3970,74,4.609
4821,67,2.775
3659,65,3.17
3162,85,6.48
4137,58,2.217
3768,65,2.977
3707,61,2.611
3378,56,2.18
3796,64,3.025
3906,71,3.945
4380,63,2.829
4350,65,3.067
3188,55,1.968
1279,77,4.36
1283,73,4.22
3606,69,3.583
4787,67,3.334
4090,60,2.429
3293,59,2.482
1337,73,3.86
3316,58,2.319
3668,71,4.119
4793,69,3.585
23,71,3.787
8,72,4.223
3412,83,6.553
3694,83,5.827
4151,78,3.576
62,88,7.335
3479,65,2.988
1207,68,3.24
4094,60,2.493
1201,60,2.17
3863,63,3.035
3466,82,6.226
3673,69,3.702
4129,62,2.822
4164,50,1.333
13414,70,3.843
148,76,4.512
3804,73,4.172
3572,65,3.133
1382,70,3.4
3719,61,2.779
4840,65,3.172
45,87,7.715
4480,70,3.686
4309,62,2.901
3755,85,6.017
4525,55,1.721
4290,68,3.611
13334,80,4.64
1301,63,2.77
1338,67,3.171
13060,61,2.498
3377,90,8.326
3270,77,5.466
13081,81,5.463
3238,60,2.295
3607,59,2.212
3609,54,1.989
4092,79,6.125
4247,57,1.983
3731,73,4.229
1197,71,3.67
140,75,4.783
13078,92,8.441
4451,73,4.627
4851,61,2.555
3757,56,2.069
4539,57,2.332
3336,88,7.592
3287,79,5.922
4472,74,4.416
3919,68,3.841
1288,67,3.05
4109,75,4.812
4425,66,3.238
3858,69,3.675
5002,74,4.705
110,55,1.868
3748,62,2.714
4418,66,3.197
3600,62,2.943
1239,73,4.02
4970,76,4.662
3885,67,3.55
4192,60,2.567
3956,70,3.779
3579,57,2.117
3464,62,2.73
4407,62,2.755
13328,77,4.882
5005,70,3.501
4069,77,4.994
4070,84,6.433
4123,60,2.424
13422,72,3.629
4376,68,3.493
4080,69,3.164
3875,59,2.419
91,79,5.605
4292,66,3.152
3244,62,2.67
3209,84,6.544
1161,78,4.84
4519,86,6.154
3774,72,3.868
3896,78,5.441
4545,53,1.577
3269,73,4.023
1306,59,2.09
3177,77,5.199
4987,69,3.676
83,59,2.132
3251,78,5.359
3174,71,4.154
101,65,2.754
1187,75,4.47
3191,71,4.292
4574,72,4.163
3460,77,5.443
1271,69,3.49
13427,57,2.017
4006,74,4.715
3341,97,9.838
4320,65,3.155
4475,65,2.762
1357,65,2.79
3927,62,2.362
3271,55,1.896
3867,70,3.72
3456,86,7.391
4514,58,2.126
4039,72,4.354
17,80,5.246
3925,58,2.28
3396,80,6.078
3399,86,7.757
3352,94,9.488
3739,61,2.331
204,74,4.41
3309,79,5.224
3281,56,2.259
3949,75,4.737
4027,73,4.697
3655,77,5.321
3347,66,3.602
77,79,5.414
4420,68,3.698
3249,85,7.326
4316,67,3.443
3780,75,4.672
4572,79,6.139
4041,72,4.401
3403,74,4.518
149,74,3.989
1276,73,3.72
4611,70,3.921
97,77,5.146
3704,64,2.952
3737,66,2.96
3306,77,5.06
13084,87,6.962
4591,70,3.822
3298,66,2.814
4568,72,4.478
13072,78,5.593
4105,61,3.132
4521,59,2.158
186,71,4.489
16,68,3.107
3292,55,2.032
3444,80,6.163
3252,80,5.559
4045,70,4.094
3364,71,3.836
4363,62,2.971
13073,65,2.925
3295,60,2.514
4331,63,2.835
1280,75,5.06
4953,74,4.288
187,84,6.442
1180,74,4.13
4273,62,2.51
4532,53,1.609
4167,65,2.65
3587,75,4.593
1251,70,3.58
1282,84,6.35
1211,79,5.29
1299,69,3.56
1169,74,3.95
13069,71,3.866
4367,65,3.372
1284,83,6.38
3279,54,1.849
4036,68,3.59
13178,68,3.335
3484,92,9.664
4466,81,5.539
3201,54,1.789
13406,65,2.543
13056,77,4.747
4608,65,2.928
3730,67,3.364
3578,59,2.296
3760,59,2.164
4328,87,6.735
3285,71,4.173
3738,64,2.966
4945,68,3.601
4495,69,3.704
3246,56,2.217
3223,77,5.25
4993,64,2.784
3691,72,4.304
3805,69,3.485
10,80,5.35
3575,64,2.848
3353,76,5.214
3365,83,7.006
3784,73,4.018
4340,68,3.488
4201,62,3.058
4596,76,5.095
4438,64,3.014
43,73,4.337
160,76,4.495
4980,66,3.234
3692,86,7.782
3349,55,1.955
3261,72,4.605
4346,73,4.232
4577,63,2.804
3588,62,2.99
4979,68,3.46
13349,60,2.122
4120,62,2.586
3660,95,10.18
4284,65,3.105
4551,87,7.629
4075,70,3.599
1359,68,3.74
4852,66,2.978
13061,78,5.078
5006,63,2.69
4599,62,2.646
4262,71,4.004
4584,69,3.405
4384,66,3.3
1162,67,3.95
3243,57,1.95
3168,63,2.824
3890,61,2.679
4468,72,4.237
117,73,4.374
13,75,4.98
4018,67,3.223
1270,73,3.97
199,75,4.867
4181,51,1.505
4291,64,3.129
1156,78,4.94
13403,60,2.504
4860,72,3.951
4389,62,2.876
4115,71,3.857
4008,69,3.642
4500,71,3.869
1243,66,3.7
3,71,3.933
3926,68,3.255
1153,78,4.97
3187,62,2.759
3255,56,1.961
3910,70,3.737
4477,71,3.141
4464,65,3.358
1269,73,4.25
4606,66,3.202
3277,58,2.557
1278,73,4.2
3595,62,2.829
4415,72,4.493
13409,66,3.073
3380,69,3.761
4007,67,3.538
4024,80,5.839
3273,53,1.791
4148,58,1.915
4454,66,3.297
4188,50,1.352
13338,75,5.236
3294,54,1.787
3308,60,2.586
3680,70,4.273
109,64,2.699
4113,59,2.271
84,64,2.854
1297,78,5.47
3889,70,3.797
3276,79,6.133
4469,55,1.696
4012,78,5.638
3487,95,9.563
3410,75,5.22
114,59,2.339
4268,65,2.974
13325,85,5.885
3423,61,2.469
4581,64,3.096
116,56,1.945
156,71,3.814
4246,65,3.02
3407,51,1.41
4238,56,1.821
1274,66,3.29
4184,60,2.405
4607,62,2.954
1186,70,3.5
13336,63,2.743
4592,77,4.858
3186,70,4.161
1323,67,3.17
3303,95,9.926
3853,90,7.586
4618,67,3.47
3236,66,3.168
4082,62,2.607
3418,60,2.343
4853,64,2.882
4482,75,4.994
3192,80,5.478
3786,71,3.79
3709,71,3.694
4119,63,2.654
3978,75,4.642
3574,66,3.19
13428,58,2.306
3339,81,6.066
4587,62,2.753
4314,65,3.085
4582,63,2.46
13158,92,8.681
1317,76,4.47
13315,85,7.439
4833,56,2.291
4565,77,5.215
3215,64,2.958
4561,57,1.886
1195,70,3.69
3402,76,4.91
3430,54,1.766
4570,70,4.301
3368,65,3.357
5004,74,4.777
3405,80,5.803
3656,82,6.306
1378,75,4.211
3837,74,4.765
13402,82,5.6
31,74,4.229
4206,63,3.128
118,76,4.83
1381,75,4.81
4223,59,2.211
4437,64,2.823
3855,82,5.827
4057,76,4.667
3320,75,4.534
13068,62,2.486
4171,64,2.817
4499,69,3.331
201,80,5.906
4392,69,3.4
1321,66,2.81
4142,55,1.799
4199,53,1.997
3928,57,2.092
3175,77,4.777
3220,75,5.038
3687,70,4.231
4530,53,1.544
3724,61,2.59
13345,66,3.294
3584,68,3.214
4250,55,1.848
4567,65,2.998
13057,85,5.55
4014,73,5.131
3288,79,5.709
1171,68,3.46
1339,71,3.44
1256,63,2.62
4019,81,6.12
4422,57,2.021
4020,80,5.943
3370,79,5.606
1241,74,4.22
3458,93,9.174
4423,79,4.949
4003,73,4.576
152,72,3.869
48,81,5.417
13418,73,4.055
13066,77,5.022
3690,80,5.997
4104,61,2.362
44,62,2.599
3422,63,2.74
3593,59,2.299
4245,55,1.736
36,71,3.714
1372,65,3.37
4028,75,4.82
13085,85,6.575
4219,59,2.305
3227,69,2.478
3716,73,4.693
3679,79,5.872
13322,83,5.975
4403,65,2.95
4554,72,4.286
4984,57,2.109
1226,64,2.68
4569,66,3.292
4801,67,3.496
3360,87,6.965
3675,72,4.031
3173,75,5.122
4364,63,2.69
19,73,3.971
13426,55,1.919
1318,64,2.59
134,71,3.985
3901,70,3.836
68,84,7.178
3990,77,5.015
3836,68,3.901
4126,60,2.426
3280,79,5.725
4966,66,2.92
3362,63,3.126
3781,85,7.233
3666,65,3.12
3793,66,3.251
4327,60,2.686
3388,84,6.852
1183,85,5.7
4374,80,5.685
3398,62,2.781
12,72,3.801
1336,73,4.28
4491,69,3.082
13169,75,4.721
3335,77,5.472
3427,80,5.654
1250,64,2.78
4409,63,2.895
3170,92,8.937
3813,80,6.531
3476,56,1.963
86,76,5.115
4251,52,2.112
4622,64,3.312
73,75,4.389
13430,61,2.457
161,76,4.748
3462,96,9.322
3754,64,2.899
3676,76,4.79
4564,64,2.759
4163,52,1.55
4295,66,3.572
4107,72,5.315
3771,90,7.948
1181,76,4.68
1365,94,9.17
1376,77,4.76
3909,70,3.814
4147,56,2.017
4269,66,3.248
3284,78,5.326
4616,72,4.428
4807,60,2.552
1292,76,5.11
3424,66,3.39
4307,72,4.547
4991,65,2.897
4319,74,4.737
3477,59,2.14
3722,82,6.265
5010,70,3.755
3264,54,1.847
3212,75,5.366
106,69,3.411
3401,68,2.694
25,78,4.669
13080,77,5.64
190,75,4.367
3733,67,2.923
3859,71,4.097
3210,75,4.997
1327,72,4.11
4025,74,4.666
4958,67,2.89
3710,63,2.794
13159,85,6.883
1200,57,1.79
4261,89,7.368
13431,56,1.966
3940,69,3.88
4266,70,3.416
13153,81,5.171
1304,75,4.98
3835,88,8.197
82,67,3.176
4803,62,2.472
4040,70,4.013
4130,60,2.331
4030,67,3.354
122,63,2.651
4191,72,4.22
4516,55,1.609
3310,58,2.043
3803,66,3.104
4088,61,2.568
3662,70,3.837
4494,65,2.913
3214,74,4.494
3289,57,2.341
3911,70,3.948
1300,56,2
4365,63,2.912
4507,80,4.65
13182,63,2.607
4232,51,1.449
1157,81,5.66
4976,63,3.155
4382,66,3.134
4004,69,3.493
1370,60,2.02
4345,65,3.264
4831,67,3.392
4084,56,1.841
3929,77,4.737
13419,59,2.402
4149,58,2.092
3171,72,4.532
4417,63,2.721
3164,72,4.114
4159,51,1.343
4560,55,1.708
59,84,6.208
4158,68,3.179
4421,58,2.001
4066,74,4.511
4114,62,2.642
3657,70,3.808
4378,83,6.347
1198,74,3.97
4515,65,2.868
4406,66,3.465
3818,75,4.888
1332,71,3.66
1216,56,1.8
4600,68,3.786
4242,60,2.555
166,80,5.135
3667,71,3.825
3180,70,4.322
3777,99,11.363
4401,61,2.636
3962,65,3.843
4180,55,1.85
13421,73,4.44
1209,65,2.96
4845,63,2.851
3695,64,2.724
4274,57,1.985
4330,73,4.465
4190,88,7.252
4427,58,2.123
4459,65,3.264
13163,81,6.008
1293,74,4.39
3455,85,6.341
4950,69,3.61
3897,82,5.936
4944,76,4.289
3866,70,3.722
4439,65,3.363
155,77,5.266
3908,64,3.043
4009,73,4.54
3914,82,6.246
1384,75,4.39
4131,73,4.714
4474,83,5.417
3486,91,9.046
4276,70,3.844
4204,60,2.582
3811,79,5.517
3319,101,11.749
202,64,2.948
4200,60,2.725
3221,64,2.809
3213,65,3.296
4593,60,2.368
32,73,4.101
3904,70,3.783
1262,62,2.62
4797,68,3.296
3178,71,4.276
100,75,4.841
4095,70,4.094
4270,60,2.337
4943,69,3.031
4562,79,5.518
135,74,4.23
102,80,5.922
150,71,3.714
1202,82,6.19
4460,62,2.847
4178,54,1.766
4189,49,1.234
4550,73,4.25
3802,70,3.74
3200,65,3.223
74,76,4.844
3762,60,2.25
4850,63,2.75
4074,70,3.121
40,62,2.542
195,76,4.532
4134,68,3.695
3239,64,2.923
3419,55,1.883
1272,82,5.74
4957,63,3.271
1182,79,5.09
4996,68,3.361
93,69,4.156
3323,59,2.154
4962,74,4.284
4083,65,2.897
13171,80,5.227
3761,59,2.332
4433,66,3.462
13173,71,3.754
4228,63,2.623
1312,70,3.31
3746,71,3.798
4986,55,1.866
4536,54,1.706
1352,73,4.01
4988,66,2.884
4317,71,4.319
1192,81,5.67
1158,80,4.54
13401,62,2.697
3354,71,3.831
3604,71,4.175
3300,81,5.569
4277,65,3.221
4589,72,4.705
4399,61,2.608
4237,57,1.792
13343,64,2.732
3299,59,2.291
4016,65,3.568
1367,75,4.57
4230,50,1.284
3995,74,4.409
3344,102,14.274
3651,78,5.369
3185,57,2.147
3955,70,3.853
4799,59,2.36
4571,54,1.791
4221,64,2.734
1344,69,3.6
4586,83,6.805
4194,53,1.66
4052,79,4.164
4809,76,4.978
3971,80,5.36
3843,64,2.873
21,76,4.655
1149,66,3.29
3951,71,4.309
3431,82,6.319
3485,96,10.351
4990,65,2.886
3602,63,2.919
4830,68,3.099
13157,80,5.188
1355,64,2.87
3452,85,6.758
4456,70,3.863
3693,93,9.226
4136,63,2.866
3447,60,2.485
3274,60,2.571
3932,71,4.174
3961,70,4.275
4157,61,2.624
3585,81,5.86
4116,59,2.355
1222,54,1.77
3224,65,3.02
64,67,3.517
4289,75,4.952
4544,72,3.277
3664,83,6.688
1294,68,3.42
1363,80,5.63
3963,72,4.178
3577,67,3.241
4033,72,4.306
4337,71,4.434
3379,79,5.184
4490,67,3.589
3723,65,2.998
1160,74,4.44
1213,77,5
3880,60,2.349
3369,85,6.143
3847,66,3.044
3207,76,5.347
3702,76,4.702
173,76,4.994
125,70,3.672
3355,63,2.673
4375,66,3.276
3993,82,5.978
3770,65,3.039
4195,58,2.402
1179,73,4.25
1326,66,2.98
3394,79,5.788
1324,60,2.38
3985,74,4.674
4051,67,2.686
174,68,3.748
3260,73,4.602
4106,60,2.538
1155,77,4.99
4305,75,4.896
4517,71,3.571
4396,67,3.306
4997,79,5.426
3356,60,2.547
3721,91,7.683
4498,70,3.044
4102,63,2.833
4541,69,3.539
3884,63,3.045
13187,61,2.294
4836,63,2.8
3808,62,2.563
1380,69,3.38
4067,75,4.852
13335,66,2.974
4283,70,4.179
4602,70,3.67
3437,67,3.464
4357,66,3.195
3743,62,2.692
3741,65,3.036
3787,72,4.191
4154,83,6.089
4463,71,3.654
22,72,4.254
9,80,5.024
3374,76,4.844
3605,63,2.877
4854,69,3.208
4566,78,5.705
3878,69,3.55
4808,68,3.649
1217,66,2.928
3337,60,2.277
4443,73,4.606
3794,73,4.192
4789,64,2.797
128,82,5.376
4617,61,2.579
3862,64,3.17
13063,65,3.211
4048,76,4.596
1218,56,1.92
4101,60,2.533
3671,69,3.821
3581,79,5.552
3893,76,5.059
4961,77,5.485
4534,55,1.83
3864,73,4.157
108,83,6.824
4318,70,3.954
3342,95,10.75
4049,66,3.296
4537,51,1.68
3348,77,5.016
3601,59,2.427
4486,68,3.239
1206,77,4.7
4812,64,2.987
3436,69,3.71
3806,63,2.728
3489,86,7.611
3809,66,3.241
3240,53,1.672
3283,76,5.03
4349,62,2.916
4059,75,4.73
3669,69,4.178
182,63,3.1
3736,61,2.53
3874,62,2.714
4141,82,5.819
3947,80,6.01
4623,61,2.637
4627,60,2.379
3841,69,3.698
3711,85,6.813
3758,61,2.471
4784,75,4.751
13183,61,2.487
4326,69,3.632
3714,65,3.405
3987,78,5.509
3228,76,5.427
3917,99,11.955
3766,59,2.273
3783,75,4.693
121,76,4.829
34,55,1.958
1236,68,3.57
4508,69,3.827
3433,81,6.378
4526,55,1.068
1245,66,3.05
1287,69,3.38
4529,61,2.159
4395,71,4.469
3305,84,6.572
4229,54,1.653
4505,74,3.947
3742,63,2.696
13067,75,4.262
4540,65,3.241
3817,71,4.019
3998,71,4.174
4288,64,2.774
13170,86,6.71
4473,72,3.463
1358,67,3.22
4609,69,3.689
1208,59,2.14
1229,69,3.71
4404,62,3.32
3827,91,9.011
4213,59,2.096
3653,92,9.229
3979,82,6.024
1356,77,5.01
4174,62,2.496
3435,65,2.977
3471,66,3.227
4243,59,2.252
4613,61,2.755
153,68,3.757
13161,80,5.647
13164,97,10.237
79,61,2.387
181,77,5.512
1305,64,2.83
4385,72,4.348
4076,66,3.183
3860,65,3.092
4834,72,4.412
3193,74,4.373
4077,70,3.439
3441,61,2.529
4015,80,6.151
1260,64,2.97
3317,60,2.398
13344,65,2.879
1151,71,3.59
13412,67,3.242
3931,70,3.717
4843,57,2.215
3898,77,5.191
3480,58,2.317
1252,75,4.18
4393,66,3.382
3952,74,4.77
3822,72,4.385
1275,66,2.71
3921,68,3.404
3211,62,2.771
3235,62,2.72
4143,54,1.517
1159,70,3.36
3726,63,2.854
4072,83,5.91
3325,62,2.499
1296,71,4.12
13074,82,5.561
3953,69,3.708
85,89,7.878
87,77,5.235
3434,66,3.304
1184,71,3.86
104,72,3.968
1199,89,7.08
30,67,3.104
4310,64,2.886
13329,91,8.531
4056,80,5.195
124,79,5.576
4172,63,2.769
46,80,5.599
76,74,4.659
13339,59,2.174
1362,71,3.65
3941,74,4.472
3383,91,9.61
1308,72,3.41
42,69,3.633
3373,59,2.4
1147,75,4.13
13058,65,3.065
13346,61,2.606
13190,59,2.234
3208,73,4.868
4408,58,2.248
3957,82,6.247
13395,61,2.349
3868,70,4.022
4583,71,3.82
13059,82,5.882
3922,76,4.911
11,84,6.891
4968,75,3.995
1364,84,6.53
4064,76,5.306
4983,64,2.939
1146,65,2.78
4487,69,3.084
4429,68,3.302
4387,67,3.579
4263,62,2.779
3834,83,7.035
4828,67,3.37
1224,72,3.93
4135,63,2.815
3222,71,4.113
4265,61,2.465
3470,56,1.921
3481,60,2.329
4419,67,3.933
3366,85,7.622
4022,70,4.182
4165,60,2.554
194,71,3.892
4217,62,2.622
189,76,5.145
4610,68,3.558
4426,56,1.881
4294,66,3.192
107,82,5.12
3351,78,5.715
3706,68,3.233
4093,61,2.737
1322,62,2.36
4311,63,2.944
3195,70,3.54
3286,77,4.78
13179,61,2.446
3312,72,4.43
4005,78,5.626
3819,62,2.987
1214,74,4.63
1285,71,3.9
3268,63,3.193
3800,63,2.878
3879,63,2.819
13077,89,7.12
4452,60,2.651
177,75,5.089
53,79,5.188
1309,70,3.13
4441,82,6.78
13154,82,6.406
3371,57,2.254
3408,87,7.887
3334,63,3.032
4595,63,2.994
65,86,8.017
4559,64,3.048
1325,69,3.16
4224,63,2.563
13192,62,2.37
13064,83,6.006
13181,65,2.813
3603,55,1.804
4081,65,2.798
13404,73,4.56
1379,64,2.98
3882,65,3.133
3886,61,2.603
3735,67,3.074
3663,69,3.725
3478,56,1.818
3991,81,6.331
3930,83,6.366
179,77,5.222
3275,58,2.189
3322,79,5.254
4168,65,2.858
4450,93,9.352
3438,80,6.455
3948,78,5.453
3442,66,3.187
3345,89,9.633
4086,55,1.678
170,73,4.688
13180,72,4.059
4838,71,3.936
4992,74,4.436
3832,82,6.499
3381,62,2.752
4344,63,2.804
63,81,5.959
4169,70,3.403
4155,66,3.057
4368,60,2.538
13330,81,5.806
13167,94,8.66
4341,67,3.49
4942,71,3.836
172,80,6.381
3358,61,2.796
3839,74,4.564
4458,87,8.141
1248,71,3.67
3989,72,4.17
3241,57,2.009
3451,61,2.595
4528,55,1.967
4153,54,1.482
3242,61,2.372
3799,71,3.857
4817,61,2.421
4478,73,4.613
1369,70,3.6
3790,69,3.772
94,80,5.482
4218,60,2.073
3256,57,2.041
3338,56,1.899
3591,55,1.994
4410,65,2.855
4091,53,3.001
28,74,4.247
1386,64,2.69
205,66,3.336
13079,81,6.078
4844,65,3.18
183,70,4.049
5003,63,2.848
13076,80,5.025
4594,70,3.487
3219,60,2.593
1264,66,2.59
4152,56,1.82
88,74,5.09
4432,55,1.855
13417,72,4.096
4046,72,4.366
4185,61,2.603
3583,62,2.528
3872,78,5.525
4203,51,1.878
4312,70,3.909
13323,99,10.874
1383,59,2.26
1165,67,3.01
4960,72,4.065
4156,54,1.542
3767,90,7.556
4360,66,3.202
13168,86,7.107
1286,78,5.12
3183,60,2.321
4128,63,2.84
13065,81,5.104
3473,60,2.342
4287,76,5.114
4073,87,7.025
4948,75,4.406
3411,64,3.132
4975,62,2.765
1193,66,3.09
3439,62,2.961
171,81,6.155
115,60,2.247
4322,68,3.341
5009,73,4.37
1347,77,4.95
3392,81,6.311
3938,72,4.18
4370,71,3.99
4063,75,4.259
4373,65,3.26
3326,87,7.977
3857,86,6.971
3935,72,4.479
4225,57,1.971
175,81,6.071
3194,90,7.71
3172,88,8.051
13433,61,2.61
1273,75,4.15
3678,71,3.863
4306,79,5.089
4412,71,3.885
3468,84,6.997
4626,56,2.095
151,78,5.022
4841,70,3.353
4023,82,6.094
1366,71,3.63
4786,61,2.635
13351,61,2.438
4361,80,6.324
4822,68,3.027
13413,82,5.545
1331,72,3.75
3448,87,8.264
3463,80,5.537
4227,58,2.06
3272,88,8.257
4489,72,3.841
4035,70,4.046
4111,73,4.616
3404,66,3.534
24,84,6.669
3815,71,4.051
192,88,7.224
13319,90,7.403
1190,65,3.08
1330,72,3.86
3189,57,2.23
3406,66,3.367
1235,74,4.31
1290,79,4.99
3712,84,7.041
13314,87,6.586
13398,64,2.58
4343,68,3.143
4324,67,3.466
3683,108,11.621
3778,76,4.969
4390,70,4.218
4816,60,2.466
4994,55,1.671
3304,62,2.596
1212,51,1.27
1170,66,3.28
3346,89,8.035
4947,65,3.171
4795,60,2.362
4782,65,3.121
4397,72,4.418
3330,66,3.546
3390,81,6.173
4146,52,1.353
3974,70,4.045
4829,58,2.348
13083,72,3.897
1237,58,2.3
4995,71,3.527
4352,71,4.014
4496,73,4.305
4493,68,2.991
1320,87,7.36
120,75,4.662
1249,70,3.69
3311,77,5.345
80,70,3.631
4952,72,3.938
4955,66,3.304
4978,71,3.657
4455,87,7.646
3217,64,2.787
3580,57,2.004
1307,69,3.53
4963,73,4.312
4628,65,3.211
3792,83,6.353
1371,71,3.62
4214,59,2.274
3361,75,5.241
1316,68,2.85
13172,86,6.655
3409,63,3.001
13425,57,2.193
13189,58,2.171
4620,70,3.528
4391,68,3.872
3810,63,2.828
4271,65,2.929
4542,74,3.815
1185,80,5.5
1333,66,2.96
1166,56,1.66
131,77,4.798
1258,77,5.33
3420,65,3.098
4315,69,4.105
1163,57,1.94
3245,60,2.537
3965,73,4.494
3838,77,4.968
3229,65,3.262
4240,59,2.258
3826,81,6.169
3179,77,7.159
164,75,4.717
1377,72,3.69
4946,67,3.081
