"year","month","landNorth","oceanNorth","landAverage","oceanAverage"
1880,1,2.7379,15.6821,2.8,15.8
1880,2,2.5692,15.6572,3.2,15.9
1880,3,4.1916,15.6869,5,15.9
1880,4,7.8208,15.9462,8.1,16
1880,5,10.8812,16.2386,11.1,16.3
1880,6,13.0983,16.331,13.3,16.4
1880,7,13.9866,16.3466,14.3,16.4
1880,8,13.4959,16.3566,13.8,16.4
1880,9,11.6696,16.1336,12,16.2
1880,10,8.6797,15.8106,9.3,15.9
1880,11,4.8556,15.7093,5.9,15.8
1880,12,3.1192,15.6955,3.7,15.7
1881,1,2.3887,15.8659,2.8,15.8
1881,2,2.7265,15.9697,3.2,15.9
1881,3,4.7605,15.9613,5,15.9
1881,4,8.1213,16.0306,8.1,16
1881,5,11.1312,16.3358,11.1,16.3
1881,6,12.8093,16.4181,13.3,16.4
1881,7,14.0772,16.485,14.3,16.4
1881,8,13.9179,16.3355,13.8,16.4
1881,9,11.4841,16.0517,12,16.2
1881,10,8.4359,15.658,9.3,15.9
1881,11,4.8368,15.5063,5.9,15.8
1881,12,3.3387,15.6059,3.7,15.7
1882,1,2.8975,15.813,2.8,15.8
1882,2,3.0975,15.815,3.2,15.9
1882,3,5.0426,15.8995,5,15.9
1882,4,7.3254,15.9136,8.1,16
1882,5,10.6159,16.2896,11.1,16.3
1882,6,12.8663,16.2664,13.3,16.4
1882,7,13.8466,16.2659,14.3,16.4
1882,8,13.8728,16.2854,13.8,16.4
1882,9,11.9253,16.2476,12,16.2
1882,10,8.3308,15.9209,9.3,15.9
1882,11,5.4499,15.8278,5.9,15.8
1882,12,2.9727,15.6017,3.7,15.7
1883,1,1.2625,15.7187,2.8,15.8
1883,2,1.5507,15.8309,3.2,15.9
1883,3,4.4966,15.8096,5,15.9
1883,4,7.4709,15.9124,8.1,16
1883,5,10.6719,16.2077,11.1,16.3
1883,6,13.2078,16.4264,13.3,16.4
1883,7,13.9935,16.4385,14.3,16.4
1883,8,13.5705,16.4155,13.8,16.4
1883,9,11.6577,16.1027,12,16.2
1883,10,8.7569,15.7911,9.3,15.9
1883,11,5.1488,15.6446,5.9,15.8
1883,12,3.5888,15.6341,3.7,15.7
1884,1,2.4882,15.6891,2.8,15.8
1884,2,2.3771,15.843,3.2,15.9
1884,3,3.913,15.8446,5,15.9
1884,4,7.2893,15.8076,8.1,16
1884,5,10.6255,16.2699,11.1,16.3
1884,6,12.8943,16.2947,13.3,16.4
1884,7,13.7186,16.2877,14.3,16.4
1884,8,12.9643,16.2459,13.8,16.4
1884,9,11.3085,15.9735,12,16.2
1884,10,8.8383,15.7462,9.3,15.9
1884,11,5.0292,15.4982,5.9,15.8
1884,12,3.4241,15.4597,3.7,15.7
1885,1,1.0928,15.6168,2.8,15.8
1885,2,2.3027,15.7105,3.2,15.9
1885,3,4.8728,15.7805,5,15.9
1885,4,7.6002,15.8262,8.1,16
1885,5,10.4365,16.1972,11.1,16.3
1885,6,12.7562,16.1711,13.3,16.4
1885,7,13.8734,16.281,14.3,16.4
1885,8,13.0391,16.3197,13.8,16.4
1885,9,11.6535,16.1314,12,16.2
1885,10,8.9009,15.877,9.3,15.9
1885,11,5.7128,15.7904,5.9,15.8
1885,12,4.0543,15.6834,3.7,15.7
1886,1,2.2572,15.7031,2.8,15.8
1886,2,2.003,15.7852,3.2,15.9
1886,3,4.1042,15.8229,5,15.9
1886,4,7.7796,15.9687,8.1,16
1886,5,10.7456,16.3391,11.1,16.3
1886,6,12.8087,16.3874,13.3,16.4
1886,7,14.1562,16.3806,14.3,16.4
1886,8,13.5105,16.2309,13.8,16.4
1886,9,11.6602,16.0819,12,16.2
1886,10,8.7495,15.7614,9.3,15.9
1886,11,5.1816,15.5708,5.9,15.8
1886,12,3.9376,15.4854,3.7,15.7
1887,1,1.4103,15.5332,2.8,15.8
1887,2,2.2824,15.639,3.2,15.9
1887,3,4.773,15.7243,5,15.9
1887,4,7.9096,15.8421,8.1,16
1887,5,11.2048,16.1657,11.1,16.3
1887,6,13.076,16.321,13.3,16.4
1887,7,14.0805,16.3024,14.3,16.4
1887,8,13.1664,16.2743,13.8,16.4
1887,9,12.0369,15.9981,12,16.2
1887,10,8.6875,15.7575,9.3,15.9
1887,11,5.8926,15.6938,5.9,15.8
1887,12,3.5259,15.5697,3.7,15.7
1888,1,1.5986,15.6034,2.8,15.8
1888,2,2.2698,15.7704,3.2,15.9
1888,3,4.3541,15.8923,5,15.9
1888,4,7.8912,16.0196,8.1,16
1888,5,10.6674,16.3344,11.1,16.3
1888,6,13.036,16.5587,13.3,16.4
1888,7,14.1712,16.437,14.3,16.4
1888,8,13.2569,16.3841,13.8,16.4
1888,9,11.7689,16.1848,12,16.2
1888,10,9.145,15.9852,9.3,15.9
1888,11,5.2639,15.9542,5.9,15.8
1888,12,3.4505,15.9025,3.7,15.7
1889,1,1.9434,15.9438,2.8,15.8
1889,2,3.0849,15.9855,3.2,15.9
1889,3,5.2258,16.0446,5,15.9
1889,4,8.4936,16.0777,8.1,16
1889,5,10.9008,16.4492,11.1,16.3
1889,6,13.1865,16.4924,13.3,16.4
1889,7,14.0372,16.385,14.3,16.4
1889,8,13.6743,16.3117,13.8,16.4
1889,9,11.5679,16.077,12,16.2
1889,10,8.6602,15.7993,9.3,15.9
1889,11,4.7389,15.7218,5.9,15.8
1889,12,3.2574,15.5685,3.7,15.7
1890,1,1.9202,15.6336,2.8,15.8
1890,2,2.2219,15.6846,3.2,15.9
1890,3,4.4013,15.7471,5,15.9
1890,4,7.8788,15.8045,8.1,16
1890,5,10.334,16.0781,11.1,16.3
1890,6,12.91,16.144,13.3,16.4
1890,7,14.241,16.0222,14.3,16.4
1890,8,13.4629,15.9688,13.8,16.4
1890,9,11.6114,15.8557,12,16.2
1890,10,9.0426,15.6926,9.3,15.9
1890,11,5.1638,15.5884,5.9,15.8
1890,12,3.2981,15.4579,3.7,15.7
1891,1,1.9515,15.5523,2.8,15.8
1891,2,1.7097,15.5848,3.2,15.9
1891,3,4.5998,15.7716,5,15.9
1891,4,7.5975,15.9405,8.1,16
1891,5,10.7062,16.2749,11.1,16.3
1891,6,12.8138,16.3557,13.3,16.4
1891,7,14.0152,16.3448,14.3,16.4
1891,8,13.5473,16.3139,13.8,16.4
1891,9,11.9934,16.1831,12,16.2
1891,10,8.6846,15.7893,9.3,15.9
1891,11,4.8737,15.6032,5.9,15.8
1891,12,3.9914,15.6096,3.7,15.7
1892,1,2.0559,15.6614,2.8,15.8
1892,2,2.8109,15.8474,3.2,15.9
1892,3,4.0467,15.7947,5,15.9
1892,4,7.4734,15.7613,8.1,16
1892,5,10.6649,15.9938,11.1,16.3
1892,6,13.0782,16.0463,13.3,16.4
1892,7,13.9641,16.0401,14.3,16.4
1892,8,13.4733,16.1001,13.8,16.4
1892,9,12.0235,15.9684,12,16.2
1892,10,9.2304,15.5111,9.3,15.9
1892,11,4.6643,15.3804,5.9,15.8
1892,12,2.6655,15.3259,3.7,15.7
1893,1,0.2934,15.417,2.8,15.8
1893,2,1.2808,15.5674,3.2,15.9
1893,3,4.8243,15.5502,5,15.9
1893,4,7.7066,15.6762,8.1,16
1893,5,10.4503,15.9298,11.1,16.3
1893,6,13.1586,16.1681,13.3,16.4
1893,7,14.1358,16.1644,14.3,16.4
1893,8,13.3772,16.0867,13.8,16.4
1893,9,11.8806,15.8482,12,16.2
1893,10,9.1029,15.6486,9.3,15.9
1893,11,5.9023,15.5418,5.9,15.8
1893,12,3.42,15.3197,3.7,15.7
1894,1,1.7734,15.3933,2.8,15.8
1894,2,3.3349,15.4529,3.2,15.9
1894,3,5.104,15.5311,5,15.9
1894,4,7.5597,15.7122,8.1,16
1894,5,11.0032,15.8092,11.1,16.3
1894,6,12.9363,16.0712,13.3,16.4
1894,7,14.0888,16.1748,14.3,16.4
1894,8,13.5927,16.1455,13.8,16.4
1894,9,11.7778,15.9872,12,16.2
1894,10,8.9929,15.6614,9.3,15.9
1894,11,5.2277,15.4157,5.9,15.8
1894,12,3.3877,15.3959,3.7,15.7
1895,1,1.3868,15.5946,2.8,15.8
1895,2,1.9075,15.616,3.2,15.9
1895,3,4.6556,15.6201,5,15.9
1895,4,8.1708,15.781,8.1,16
1895,5,10.9414,16.0809,11.1,16.3
1895,6,12.8352,16.156,13.3,16.4
1895,7,14.1168,16.2345,14.3,16.4
1895,8,13.3518,16.2095,13.8,16.4
1895,9,11.9257,16.1484,12,16.2
1895,10,8.9571,15.8779,9.3,15.9
1895,11,5.626,15.7501,5.9,15.8
1895,12,3.4861,15.5984,3.7,15.7
1896,1,2.6661,15.6202,2.8,15.8
1896,2,3.1482,15.7893,3.2,15.9
1896,3,4.3433,15.8139,5,15.9
1896,4,7.2239,15.8816,8.1,16
1896,5,11.0839,16.2632,11.1,16.3
1896,6,13.3624,16.3995,13.3,16.4
1896,7,14.2004,16.425,14.3,16.4
1896,8,13.7089,16.4361,13.8,16.4
1896,9,11.8236,16.3253,12,16.2
1896,10,9.3031,15.9488,9.3,15.9
1896,11,4.8895,15.8875,5.9,15.8
1896,12,3.551,15.8726,3.7,15.7
1897,1,2.0793,15.8452,2.8,15.8
1897,2,2.5806,15.9413,3.2,15.9
1897,3,3.8688,16.0712,5,15.9
1897,4,7.9637,16.0451,8.1,16
1897,5,11.1815,16.2555,11.1,16.3
1897,6,13.0113,16.3141,13.3,16.4
1897,7,14.4151,16.4164,14.3,16.4
1897,8,13.7141,16.304,13.8,16.4
1897,9,12.371,16.1247,12,16.2
1897,10,9.0632,15.7965,9.3,15.9
1897,11,5.3468,15.6406,5.9,15.8
1897,12,2.9393,15.5236,3.7,15.7
1898,1,3.2172,15.6678,2.8,15.8
1898,2,2.6126,15.7472,3.2,15.9
1898,3,3.0552,15.7427,5,15.9
1898,4,7.7236,15.8061,8.1,16
1898,5,10.8073,16.1359,11.1,16.3
1898,6,13.2394,16.304,13.3,16.4
1898,7,14.1349,16.2718,14.3,16.4
1898,8,13.7355,16.2115,13.8,16.4
1898,9,11.8562,16.0714,12,16.2
1898,10,8.6671,15.7064,9.3,15.9
1898,11,5.5593,15.5902,5.9,15.8
1898,12,4.0906,15.5285,3.7,15.7
1899,1,3.0751,15.644,2.8,15.8
1899,2,2.5445,15.6464,3.2,15.9
1899,3,4.3595,15.7256,5,15.9
1899,4,8.134,15.8443,8.1,16
1899,5,11.0857,16.1551,11.1,16.3
1899,6,12.8759,16.1901,13.3,16.4
1899,7,14.098,16.2569,14.3,16.4
1899,8,13.6992,16.3461,13.8,16.4
1899,9,12.2261,16.122,12,16.2
1899,10,9.6335,15.8236,9.3,15.9
1899,11,7,15.8254,5.9,15.8
1899,12,2.9033,15.656,3.7,15.7
1900,1,1.7788,15.8898,2.8,15.8
1900,2,2.3911,15.9827,3.2,15.9
1900,3,5.1622,15.9565,5,15.9
1900,4,7.9005,16.0226,8.1,16
1900,5,11.297,16.2222,11.1,16.3
1900,6,13.3213,16.3838,13.3,16.4
1900,7,14.1511,16.3552,14.3,16.4
1900,8,13.7747,16.3853,13.8,16.4
1900,9,11.9205,16.1672,12,16.2
1900,10,9.5894,15.9515,9.3,15.9
1900,11,5.4675,15.7655,5.9,15.8
1900,12,4.1038,15.7011,3.7,15.7
1901,1,2.3153,15.7294,2.8,15.8
1901,2,3.1277,15.8983,3.2,15.9
1901,3,5.5986,15.858,5,15.9
1901,4,8.4271,15.9761,8.1,16
1901,5,11.054,16.2075,11.1,16.3
1901,6,13.274,16.3759,13.3,16.4
1901,7,14.4849,16.3791,14.3,16.4
1901,8,13.9346,16.2713,13.8,16.4
1901,9,11.7828,15.99,12,16.2
1901,10,8.9663,15.654,9.3,15.9
1901,11,5.9916,15.5426,5.9,15.8
1901,12,3.3282,15.4596,3.7,15.7
1902,1,3.2716,15.6115,2.8,15.8
1902,2,3.8093,15.6937,3.2,15.9
1902,3,4.864,15.7146,5,15.9
1902,4,7.387,15.8296,8.1,16
1902,5,10.7041,16.0364,11.1,16.3
1902,6,12.8448,16.0668,13.3,16.4
1902,7,13.8773,16.0928,14.3,16.4
1902,8,13.595,16.1556,13.8,16.4
1902,9,11.7329,16.0612,12,16.2
1902,10,8.8202,15.7902,9.3,15.9
1902,11,4.9875,15.7105,5.9,15.8
1902,12,2.7608,15.5739,3.7,15.7
1903,1,2.6992,15.7023,2.8,15.8
1903,2,3.7765,15.8556,3.2,15.9
1903,3,4.5899,15.8032,5,15.9
1903,4,7.6194,15.7852,8.1,16
1903,5,10.5498,15.9807,11.1,16.3
1903,6,12.7448,15.9902,13.3,16.4
1903,7,13.9651,16.0132,14.3,16.4
1903,8,13.4246,15.9582,13.8,16.4
1903,9,11.6422,15.7834,12,16.2
1903,10,8.6503,15.4454,9.3,15.9
1903,11,5.4308,15.3501,5.9,15.8
1903,12,3.1737,15.2809,3.7,15.7
1904,1,2.0395,15.3047,2.8,15.8
1904,2,2.8309,15.4331,3.2,15.9
1904,3,4.4022,15.4355,5,15.9
1904,4,7.4424,15.6024,8.1,16
1904,5,10.7891,15.8549,11.1,16.3
1904,6,12.8854,15.9173,13.3,16.4
1904,7,13.7421,15.9534,14.3,16.4
1904,8,13.4464,15.9671,13.8,16.4
1904,9,11.4155,15.7547,12,16.2
1904,10,8.8986,15.5582,9.3,15.9
1904,11,6.3983,15.4075,5.9,15.8
1904,12,3.7235,15.4232,3.7,15.7
1905,1,2.5355,15.4704,2.8,15.8
1905,2,1.6732,15.5729,3.2,15.9
1905,3,4.1554,15.5907,5,15.9
1905,4,7.061,15.7239,8.1,16
1905,5,10.7549,16.0759,11.1,16.3
1905,6,13.0286,16.2138,13.3,16.4
1905,7,14.2067,16.2513,14.3,16.4
1905,8,13.7586,16.2055,13.8,16.4
1905,9,12.0553,16,12,16.2
1905,10,9.0588,15.6818,9.3,15.9
1905,11,6.279,15.595,5.9,15.8
1905,12,3.6748,15.5214,3.7,15.7
1906,1,2.3412,15.6781,2.8,15.8
1906,2,2.2576,15.788,3.2,15.9
1906,3,4.8665,15.7449,5,15.9
1906,4,8.4599,15.8181,8.1,16
1906,5,11.1074,16.0339,11.1,16.3
1906,6,13.3985,16.1664,13.3,16.4
1906,7,14.1158,16.0841,14.3,16.4
1906,8,13.7959,16.1472,13.8,16.4
1906,9,11.7978,15.9271,12,16.2
1906,10,9.11,15.5911,9.3,15.9
1906,11,5.3047,15.4952,5.9,15.8
1906,12,4.2407,15.4457,3.7,15.7
1907,1,2.2735,15.5458,2.8,15.8
1907,2,2.4208,15.5951,3.2,15.9
1907,3,4.6006,15.6122,5,15.9
1907,4,7.3171,15.7343,8.1,16
1907,5,10.0663,15.9577,11.1,16.3
1907,6,12.6396,16.0939,13.3,16.4
1907,7,13.8057,16.052,14.3,16.4
1907,8,13.5367,16.0494,13.8,16.4
1907,9,11.7393,15.7962,12,16.2
1907,10,9.0672,15.5802,9.3,15.9
1907,11,4.8612,15.3774,5.9,15.8
1907,12,3.2343,15.2952,3.7,15.7
1908,1,2.6245,15.3918,2.8,15.8
1908,2,2.9443,15.4429,3.2,15.9
1908,3,3.844,15.3928,5,15.9
1908,4,7.4707,15.54,8.1,16
1908,5,10.9487,15.8826,11.1,16.3
1908,6,13.1177,16.0011,13.3,16.4
1908,7,14.0772,15.9799,14.3,16.4
1908,8,13.4653,15.9316,13.8,16.4
1908,9,11.9117,15.8231,12,16.2
1908,10,8.6727,15.4912,9.3,15.9
1908,11,5.2549,15.3928,5.9,15.8
1908,12,3.3626,15.3132,3.7,15.7
1909,1,1.8641,15.39,2.8,15.8
1909,2,2.7404,15.4472,3.2,15.9
1909,3,4.2011,15.4334,5,15.9
1909,4,7.2766,15.5565,8.1,16
1909,5,10.7104,15.9391,11.1,16.3
1909,6,13.0362,15.909,13.3,16.4
1909,7,14.1354,15.9708,14.3,16.4
1909,8,13.8087,15.9924,13.8,16.4
1909,9,11.9147,15.7516,12,16.2
1909,10,9.166,15.4173,9.3,15.9
1909,11,6.4875,15.2817,5.9,15.8
1909,12,3.5977,15.1233,3.7,15.7
1910,1,2.8609,15.3804,2.8,15.8
1910,2,2.9361,15.5003,3.2,15.9
1910,3,4.8366,15.4111,5,15.9
1910,4,7.9967,15.5014,8.1,16
1910,5,10.9742,15.7525,11.1,16.3
1910,6,13.0088,15.8698,13.3,16.4
1910,7,14.3378,15.8654,14.3,16.4
1910,8,13.6029,15.9183,13.8,16.4
1910,9,11.734,15.7869,12,16.2
1910,10,8.9925,15.497,9.3,15.9
1910,11,5.3659,15.3688,5.9,15.8
1910,12,2.8946,15.2744,3.7,15.7
1911,1,2.0784,15.3951,2.8,15.8
1911,2,2.692,15.4376,3.2,15.9
1911,3,4.2727,15.4349,5,15.9
1911,4,7.7809,15.4813,8.1,16
1911,5,10.9371,15.8109,11.1,16.3
1911,6,13.2683,16.0076,13.3,16.4
1911,7,14.1009,15.9228,14.3,16.4
1911,8,13.5818,16.026,13.8,16.4
1911,9,11.8743,15.9228,12,16.2
1911,10,9.0567,15.6256,9.3,15.9
1911,11,5.7097,15.5543,5.9,15.8
1911,12,3.3059,15.4814,3.7,15.7
1912,1,2.3173,15.5023,2.8,15.8
1912,2,3.3998,15.6273,3.2,15.9
1912,3,3.9307,15.6869,5,15.9
1912,4,7.8282,15.8029,8.1,16
1912,5,10.8768,16.1238,11.1,16.3
1912,6,13.1806,16.1555,13.3,16.4
1912,7,13.8588,16.0787,14.3,16.4
1912,8,12.9987,15.9211,13.8,16.4
1912,9,11.1664,15.6432,12,16.2
1912,10,8.1519,15.4031,9.3,15.9
1912,11,5.3055,15.2825,5.9,15.8
1912,12,3.1009,15.2263,3.7,15.7
1913,1,2.204,15.3092,2.8,15.8
1913,2,2.3467,15.4923,3.2,15.9
1913,3,4.409,15.4949,5,15.9
1913,4,7.6908,15.5781,8.1,16
1913,5,10.6251,15.8419,11.1,16.3
1913,6,12.8833,15.9014,13.3,16.4
1913,7,13.8496,15.8614,14.3,16.4
1913,8,13.6171,15.836,13.8,16.4
1913,9,11.7082,15.6836,12,16.2
1913,10,8.878,15.49,9.3,15.9
1913,11,6.2607,15.4642,5.9,15.8
1913,12,4.3597,15.4107,3.7,15.7
1914,1,3.9919,15.5537,2.8,15.8
1914,2,3.4267,15.6209,3.2,15.9
1914,3,5.0097,15.6417,5,15.9
1914,4,7.7932,15.6855,8.1,16
1914,5,11.1873,16.0232,11.1,16.3
1914,6,13.2281,16.0651,13.3,16.4
1914,7,14.1447,16.0226,14.3,16.4
1914,8,13.631,16.1182,13.8,16.4
1914,9,11.8909,15.9315,12,16.2
1914,10,9.2135,15.73,9.3,15.9
1914,11,5.5529,15.6453,5.9,15.8
1914,12,3.3621,15.5798,3.7,15.7
1915,1,2.5493,15.6774,2.8,15.8
1915,2,3.3201,15.7529,3.2,15.9
1915,3,4.828,15.746,5,15.9
1915,4,8.4058,15.8038,8.1,16
1915,5,11.2045,16.1156,11.1,16.3
1915,6,13.3096,16.2893,13.3,16.4
1915,7,14.2309,16.3663,14.3,16.4
1915,8,13.7128,16.3738,13.8,16.4
1915,9,11.8555,16.1294,12,16.2
1915,10,8.8152,15.8217,9.3,15.9
1915,11,6.2114,15.7158,5.9,15.8
1915,12,4.2107,15.5052,3.7,15.7
1916,1,2.7922,15.6045,2.8,15.8
1916,2,2.9955,15.712,3.2,15.9
1916,3,4.415,15.6365,5,15.9
1916,4,7.9445,15.7813,8.1,16
1916,5,10.8745,15.9822,11.1,16.3
1916,6,12.8906,16.0568,13.3,16.4
1916,7,14.3002,16.0805,14.3,16.4
1916,8,13.6789,15.9929,13.8,16.4
1916,9,11.6965,15.8478,12,16.2
1916,10,9.0853,15.6179,9.3,15.9
1916,11,5.6415,15.4334,5.9,15.8
1916,12,2.4154,15.3491,3.7,15.7
1917,1,2.2899,15.3925,2.8,15.8
1917,2,2.5259,15.5831,3.2,15.9
1917,3,4.2336,15.5396,5,15.9
1917,4,7.7621,15.6765,8.1,16
1917,5,10.5164,15.8566,11.1,16.3
1917,6,12.9324,16.0353,13.3,16.4
1917,7,14.1883,16.1037,14.3,16.4
1917,8,13.6571,16.1204,13.8,16.4
1917,9,12.0424,15.9214,12,16.2
1917,10,8.6898,15.5761,9.3,15.9
1917,11,6.337,15.4578,5.9,15.8
1917,12,2.2136,15.421,3.7,15.7
1918,1,2.6436,15.5464,2.8,15.8
1918,2,2.9164,15.6348,3.2,15.9
1918,3,4.9392,15.6521,5,15.9
1918,4,7.5178,15.7638,8.1,16
1918,5,10.5298,16.0796,11.1,16.3
1918,6,13.0193,16.1887,13.3,16.4
1918,7,14.1249,16.1547,14.3,16.4
1918,8,13.7087,16.1295,13.8,16.4
1918,9,11.93,15.8947,12,16.2
1918,10,9.4236,15.607,9.3,15.9
1918,11,5.5587,15.5892,5.9,15.8
1918,12,2.6436,15.4278,3.7,15.7
1919,1,1.9079,15.5977,2.8,15.8
1919,2,2.9834,15.7197,3.2,15.9
1919,3,4.3546,15.7443,5,15.9
1919,4,8.102,15.7838,8.1,16
1919,5,10.6162,15.9988,11.1,16.3
1919,6,12.8879,16.073,13.3,16.4
1919,7,14.2452,15.9775,14.3,16.4
1919,8,13.8936,16.015,13.8,16.4
1919,9,12.1198,15.8758,12,16.2
1919,10,9.0918,15.6167,9.3,15.9
1919,11,5.1332,15.4818,5.9,15.8
1919,12,3.1414,15.3478,3.7,15.7
1920,1,3.0469,15.5188,2.8,15.8
1920,2,2.783,15.6592,3.2,15.9
1920,3,5.2779,15.7193,5,15.9
1920,4,7.8487,15.753,8.1,16
1920,5,10.9871,16.1033,11.1,16.3
1920,6,13.0033,16.2221,13.3,16.4
1920,7,14.2992,16.1646,14.3,16.4
1920,8,13.7346,16.0611,13.8,16.4
1920,9,11.7693,15.8318,12,16.2
1920,10,8.9956,15.5554,9.3,15.9
1920,11,5.2895,15.4619,5.9,15.8
1920,12,2.5769,15.3789,3.7,15.7
1921,1,3.5519,15.5685,2.8,15.8
1921,2,3.254,15.6843,3.2,15.9
1921,3,5.1166,15.6752,5,15.9
1921,4,8.2683,15.7898,8.1,16
1921,5,11.1145,16.0914,11.1,16.3
1921,6,13.4707,16.1578,13.3,16.4
1921,7,14.6078,16.2446,14.3,16.4
1921,8,13.675,16.209,13.8,16.4
1921,9,11.8826,16.0458,12,16.2
1921,10,9.3811,15.7947,9.3,15.9
1921,11,5.5216,15.562,5.9,15.8
1921,12,3.9187,15.5144,3.7,15.7
1922,1,2.0949,15.6176,2.8,15.8
1922,2,2.4979,15.7307,3.2,15.9
1922,3,5.0781,15.7303,5,15.9
1922,4,8.1117,15.7864,8.1,16
1922,5,11.0543,16.035,11.1,16.3
1922,6,13.2606,16.1064,13.3,16.4
1922,7,14.2296,16.0639,14.3,16.4
1922,8,13.6881,16.0941,13.8,16.4
1922,9,11.8166,15.8531,12,16.2
1922,10,9.1169,15.5901,9.3,15.9
1922,11,5.8557,15.5115,5.9,15.8
1922,12,3.8437,15.3933,3.7,15.7
1923,1,2.8935,15.52,2.8,15.8
1923,2,2.3663,15.5959,3.2,15.9
1923,3,4.5831,15.6092,5,15.9
1923,4,7.3024,15.7206,8.1,16
1923,5,10.7839,16.0791,11.1,16.3
1923,6,13.2866,16.1101,13.3,16.4
1923,7,14.1848,16.0585,14.3,16.4
1923,8,13.7592,16.0271,13.8,16.4
1923,9,11.9857,15.9202,12,16.2
1923,10,9.5342,15.7146,9.3,15.9
1923,11,6.471,15.7561,5.9,15.8
1923,12,4.0047,15.6758,3.7,15.7
1924,1,2.255,15.7235,2.8,15.8
1924,2,2.9837,15.7987,3.2,15.9
1924,3,4.9799,15.8345,5,15.9
1924,4,7.7261,15.8688,8.1,16
1924,5,10.8395,16.186,11.1,16.3
1924,6,13.2296,16.2086,13.3,16.4
1924,7,14.3117,16.1458,14.3,16.4
1924,8,13.7837,16.1695,13.8,16.4
1924,9,12.0428,15.9726,12,16.2
1924,10,9.3007,15.6801,9.3,15.9
1924,11,6.2847,15.5801,5.9,15.8
1924,12,3.3359,15.4196,3.7,15.7
1925,1,2.6586,15.5602,2.8,15.8
1925,2,2.9359,15.7172,3.2,15.9
1925,3,5.1762,15.7436,5,15.9
1925,4,8.3492,15.8628,8.1,16
1925,5,11.0008,16.1808,11.1,16.3
1925,6,13.1135,16.2276,13.3,16.4
1925,7,14.1836,16.2187,14.3,16.4
1925,8,13.8591,16.2048,13.8,16.4
1925,9,12.2339,16.1224,12,16.2
1925,10,9.2124,15.8403,9.3,15.9
1925,11,6.3224,15.7473,5.9,15.8
1925,12,4.5177,15.7048,3.7,15.7
1926,1,3.757,15.8813,2.8,15.8
1926,2,3.7765,15.9379,3.2,15.9
1926,3,5.6086,15.9029,5,15.9
1926,4,7.7236,16.018,8.1,16
1926,5,10.9837,16.2818,11.1,16.3
1926,6,13.2151,16.3379,13.3,16.4
1926,7,14.1333,16.33,14.3,16.4
1926,8,13.7998,16.3362,13.8,16.4
1926,9,11.9859,16.2256,12,16.2
1926,10,9.4583,15.9229,9.3,15.9
1926,11,6.0688,15.8918,5.9,15.8
1926,12,3.3732,15.7733,3.7,15.7
1927,1,2.4567,15.856,2.8,15.8
1927,2,2.9798,15.8573,3.2,15.9
1927,3,4.5315,15.8642,5,15.9
1927,4,7.8168,15.9111,8.1,16
1927,5,10.9948,16.227,11.1,16.3
1927,6,13.2779,16.2958,13.3,16.4
1927,7,14.5174,16.2882,14.3,16.4
1927,8,13.732,16.3445,13.8,16.4
1927,9,12.3814,16.1561,12,16.2
1927,10,9.8711,15.9226,9.3,15.9
1927,11,5.9948,15.8468,5.9,15.8
1927,12,2.8266,15.7552,3.7,15.7
1928,1,3.1187,15.8734,2.8,15.8
1928,2,3.289,15.8656,3.2,15.9
1928,3,4.418,15.8416,5,15.9
1928,4,7.632,15.895,8.1,16
1928,5,11.1648,16.1887,11.1,16.3
1928,6,13.0158,16.2175,13.3,16.4
1928,7,14.272,16.3071,14.3,16.4
1928,8,13.7591,16.2673,13.8,16.4
1928,9,11.905,16.1361,12,16.2
1928,10,9.3982,15.8105,9.3,15.9
1928,11,6.2555,15.7159,5.9,15.8
1928,12,3.8476,15.5552,3.7,15.7
1929,1,1.5365,15.6516,2.8,15.8
1929,2,1.5572,15.7518,3.2,15.9
1929,3,5.0061,15.7581,5,15.9
1929,4,7.971,15.8612,8.1,16
1929,5,11.0019,16.1586,11.1,16.3
1929,6,13.0923,16.2217,13.3,16.4
1929,7,14.1145,16.2125,14.3,16.4
1929,8,13.8463,16.2993,13.8,16.4
1929,9,11.9425,16.1516,12,16.2
1929,10,9.5596,15.8591,9.3,15.9
1929,11,6.0914,15.7947,5.9,15.8
1929,12,2.1794,15.6842,3.7,15.7
1930,1,2.1729,15.8742,2.8,15.8
1930,2,2.9883,15.8643,3.2,15.9
1930,3,5.5093,15.9156,5,15.9
1930,4,7.9125,15.9851,8.1,16
1930,5,10.9396,16.2169,11.1,16.3
1930,6,13.221,16.3622,13.3,16.4
1930,7,14.4956,16.421,14.3,16.4
1930,8,14.053,16.4603,13.8,16.4
1930,9,11.8445,16.4038,12,16.2
1930,10,9.3431,16.1728,9.3,15.9
1930,11,6.4454,16.0601,5.9,15.8
1930,12,3.8648,15.9093,3.7,15.7
1931,1,2.8174,15.9739,2.8,15.8
1931,2,2.2295,16.0256,3.2,15.9
1931,3,5.0338,16.0562,5,15.9
1931,4,7.8515,16.0531,8.1,16
1931,5,10.8417,16.3557,11.1,16.3
1931,6,13.5774,16.4558,13.3,16.4
1931,7,14.6781,16.3942,14.3,16.4
1931,8,14.1129,16.4212,13.8,16.4
1931,9,12.5114,16.262,12,16.2
1931,10,9.9547,15.9199,9.3,15.9
1931,11,6.1603,15.8097,5.9,15.8
1931,12,3.8774,15.694,3.7,15.7
1932,1,3.9674,15.7998,2.8,15.8
1932,2,2.7221,15.9213,3.2,15.9
1932,3,4.5002,15.9194,5,15.9
1932,4,8.5961,15.9841,8.1,16
1932,5,11.0418,16.261,11.1,16.3
1932,6,13.3396,16.3672,13.3,16.4
1932,7,14.4894,16.346,14.3,16.4
1932,8,13.8658,16.4254,13.8,16.4
1932,9,12.416,16.2553,12,16.2
1932,10,9.6919,16.0024,9.3,15.9
1932,11,5.5688,15.8568,5.9,15.8
1932,12,3.4499,15.7418,3.7,15.7
1933,1,1.9789,15.8033,2.8,15.8
1933,2,2.2518,15.9103,3.2,15.9
1933,3,4.4251,15.8941,5,15.9
1933,4,7.6686,15.9962,8.1,16
1933,5,10.8791,16.2257,11.1,16.3
1933,6,13.1395,16.2526,13.3,16.4
1933,7,14.4128,16.2913,14.3,16.4
1933,8,13.8188,16.2878,13.8,16.4
1933,9,11.8982,16.0882,12,16.2
1933,10,9.2861,15.8382,9.3,15.9
1933,11,5.9054,15.6663,5.9,15.8
1933,12,2.8891,15.5336,3.7,15.7
1934,1,2.3772,15.6579,2.8,15.8
1934,2,4.2448,15.7955,3.2,15.9
1934,3,4.6102,15.7892,5,15.9
1934,4,7.7629,15.9166,8.1,16
1934,5,11.4441,16.2786,11.1,16.3
1934,6,13.3417,16.4959,13.3,16.4
1934,7,14.2502,16.4482,14.3,16.4
1934,8,13.7988,16.4165,13.8,16.4
1934,9,11.5643,16.2402,12,16.2
1934,10,9.5135,15.8718,9.3,15.9
1934,11,6.5222,15.8313,5.9,15.8
1934,12,4.0736,15.7604,3.7,15.7
1935,1,2.1007,15.7742,2.8,15.8
1935,2,4.7699,15.9304,3.2,15.9
1935,3,5.1131,15.9095,5,15.9
1935,4,7.5444,16.0274,8.1,16
1935,5,10.7307,16.2582,11.1,16.3
1935,6,13.24,16.3419,13.3,16.4
1935,7,14.4273,16.3785,14.3,16.4
1935,8,13.9524,16.3672,13.8,16.4
1935,9,12.1509,16.2097,12,16.2
1935,10,9.6089,15.9947,9.3,15.9
1935,11,4.9145,15.8871,5.9,15.8
1935,12,3.2092,15.812,3.7,15.7
1936,1,2.1079,15.8692,2.8,15.8
1936,2,2.148,15.9685,3.2,15.9
1936,3,4.6573,15.9967,5,15.9
1936,4,7.8024,16.1509,8.1,16
1936,5,11.1463,16.3835,11.1,16.3
1936,6,13.4164,16.5329,13.3,16.4
1936,7,14.7125,16.436,14.3,16.4
1936,8,13.8957,16.498,13.8,16.4
1936,9,12.137,16.3486,12,16.2
1936,10,9.5147,15.9628,9.3,15.9
1936,11,6.1945,15.8597,5.9,15.8
1936,12,4.0647,15.8332,3.7,15.7
1937,1,2.3064,15.9625,2.8,15.8
1937,2,3.4658,16.1177,3.2,15.9
1937,3,4.3346,16.08,5,15.9
1937,4,7.8446,16.1636,8.1,16
1937,5,11.3239,16.4365,11.1,16.3
1937,6,13.6243,16.5687,13.3,16.4
1937,7,14.4456,16.6212,14.3,16.4
1937,8,14.0466,16.6428,13.8,16.4
1937,9,12.5044,16.4849,12,16.2
1937,10,9.8188,16.175,9.3,15.9
1937,11,5.89,16.096,5.9,15.8
1937,12,3.3547,15.9884,3.7,15.7
1938,1,3.0449,16.026,2.8,15.8
1938,2,3.4555,16.1123,3.2,15.9
1938,3,5.5882,16.1082,5,15.9
1938,4,8.8231,16.1256,8.1,16
1938,5,11.3063,16.4013,11.1,16.3
1938,6,13.245,16.5038,13.3,16.4
1938,7,14.5001,16.4468,14.3,16.4
1938,8,14.2076,16.4965,13.8,16.4
1938,9,12.5126,16.2927,12,16.2
1938,10,9.8646,16.0101,9.3,15.9
1938,11,6.4808,15.8847,5.9,15.8
1938,12,3.2029,15.7305,3.7,15.7
1939,1,3.0055,15.7434,2.8,15.8
1939,2,3.4174,15.93,3.2,15.9
1939,3,4.6792,15.8937,5,15.9
1939,4,8.0966,15.9821,8.1,16
1939,5,11.2939,16.3179,11.1,16.3
1939,6,13.4408,16.3953,13.3,16.4
1939,7,14.5454,16.4296,14.3,16.4
1939,8,14.055,16.4642,13.8,16.4
1939,9,12.1352,16.3556,12,16.2
1939,10,9.1387,16.1187,9.3,15.9
1939,11,6.2344,15.9846,5.9,15.8
1939,12,5.4918,15.8258,3.7,15.7
1940,1,2.0389,15.8934,2.8,15.8
1940,2,3.4079,15.9587,3.2,15.9
1940,3,5.2225,15.9906,5,15.9
1940,4,8.517,16.1282,8.1,16
1940,5,11.0209,16.4825,11.1,16.3
1940,6,13.4347,16.5479,13.3,16.4
1940,7,14.5272,16.5501,14.3,16.4
1940,8,13.7456,16.5054,13.8,16.4
1940,9,12.2871,16.3201,12,16.2
1940,10,9.3524,16.073,9.3,15.9
1940,11,5.9174,16.0307,5.9,15.8
1940,12,4.1106,15.857,3.7,15.7
1941,1,2.9927,15.9924,2.8,15.8
1941,2,3.6172,16.1711,3.2,15.9
1941,3,5.0701,16.0197,5,15.9
1941,4,8.2638,16.1756,8.1,16
1941,5,11.2931,16.4743,11.1,16.3
1941,6,13.5301,16.5348,13.3,16.4
1941,7,14.5729,16.5431,14.3,16.4
1941,8,13.9932,16.5138,13.8,16.4
1941,9,11.9147,16.3602,12,16.2
1941,10,9.6778,16.1915,9.3,15.9
1941,11,5.701,16.1125,5.9,15.8
1941,12,3.5613,15.9328,3.7,15.7
1942,1,3.1734,16.0246,2.8,15.8
1942,2,2.751,16.1586,3.2,15.9
1942,3,5.0046,16.0778,5,15.9
1942,4,8.1029,16.1868,8.1,16
1942,5,11.0608,16.5177,11.1,16.3
1942,6,13.5459,16.4928,13.3,16.4
1942,7,14.271,16.5036,14.3,16.4
1942,8,13.5782,16.4921,13.8,16.4
1942,9,12.0998,16.3207,12,16.2
1942,10,9.6978,15.9979,9.3,15.9
1942,11,6.3085,15.9073,5.9,15.8
1942,12,3.9565,15.8172,3.7,15.7
1943,1,2.2699,15.8819,2.8,15.8
1943,2,3.6486,15.9814,3.2,15.9
1943,3,4.8262,16.0029,5,15.9
1943,4,8.4639,16.0843,8.1,16
1943,5,11.42,16.3616,11.1,16.3
1943,6,13.028,16.4922,13.3,16.4
1943,7,14.3723,16.5546,14.3,16.4
1943,8,13.9236,16.5634,13.8,16.4
1943,9,12.1124,16.3989,12,16.2
1943,10,9.8085,16.1373,9.3,15.9
1943,11,6.2277,16.049,5.9,15.8
1943,12,4.6209,15.8352,3.7,15.7
1944,1,3.7843,15.9264,2.8,15.8
1944,2,3.7733,16.0732,3.2,15.9
1944,3,5.555,16.0934,5,15.9
1944,4,8.1721,16.1995,8.1,16
1944,5,11.4379,16.5698,11.1,16.3
1944,6,13.4795,16.6548,13.3,16.4
1944,7,14.4326,16.6373,14.3,16.4
1944,8,13.7815,16.654,13.8,16.4
1944,9,12.362,16.521,12,16.2
1944,10,9.6304,16.1653,9.3,15.9
1944,11,5.7024,16.0702,5.9,15.8
1944,12,3.1343,15.9721,3.7,15.7
1945,1,2.4599,16.0178,2.8,15.8
1945,2,2.206,16.1073,3.2,15.9
1945,3,4.7556,16.0624,5,15.9
1945,4,8.2245,16.1886,8.1,16
1945,5,10.9523,16.5022,11.1,16.3
1945,6,13.1762,16.5309,13.3,16.4
1945,7,14.1498,16.5488,14.3,16.4
1945,8,14.0747,16.6257,13.8,16.4
1945,9,12.0662,16.3769,12,16.2
1945,10,9.5593,16.0497,9.3,15.9
1945,11,5.9192,15.9885,5.9,15.8
1945,12,2.9183,15.8669,3.7,15.7
1946,1,3.3047,15.9962,2.8,15.8
1946,2,3.6001,15.9061,3.2,15.9
1946,3,4.9953,15.9566,5,15.9
1946,4,8.7316,15.9996,8.1,16
1946,5,10.9252,16.2327,11.1,16.3
1946,6,13.1248,16.3937,13.3,16.4
1946,7,14.2651,16.409,14.3,16.4
1946,8,13.7275,16.4661,13.8,16.4
1946,9,11.8542,16.2665,12,16.2
1946,10,9.293,15.93,9.3,15.9
1946,11,5.9301,15.7933,5.9,15.8
1946,12,2.7205,15.5956,3.7,15.7
1947,1,2.1918,15.6953,2.8,15.8
1947,2,2.9651,15.8512,3.2,15.9
1947,3,5.4934,15.8768,5,15.9
1947,4,8.3943,16.0038,8.1,16
1947,5,11.0732,16.2682,11.1,16.3
1947,6,13.18,16.4375,13.3,16.4
1947,7,14.2985,16.3589,14.3,16.4
1947,8,13.7398,16.348,13.8,16.4
1947,9,12.163,16.1014,12,16.2
1947,10,10.0683,15.8537,9.3,15.9
1947,11,6.1405,15.771,5.9,15.8
1947,12,3.6246,15.6689,3.7,15.7
1948,1,3.6581,15.7687,2.8,15.8
1948,2,3.0763,15.8052,3.2,15.9
1948,3,4.606,15.7492,5,15.9
1948,4,8.2295,15.9112,8.1,16
1948,5,11.4131,16.3817,11.1,16.3
1948,6,13.3663,16.4788,13.3,16.4
1948,7,14.2953,16.4663,14.3,16.4
1948,8,13.8204,16.4848,13.8,16.4
1948,9,12.0794,16.1275,12,16.2
1948,10,9.4665,15.7551,9.3,15.9
1948,11,6.0403,15.6581,5.9,15.8
1948,12,3.3536,15.6659,3.7,15.7
1949,1,3.4232,15.8416,2.8,15.8
1949,2,2.7545,15.9412,3.2,15.9
1949,3,4.8262,15.8528,5,15.9
1949,4,8.2383,15.9788,8.1,16
1949,5,11.2991,16.2556,11.1,16.3
1949,6,13.0443,16.3318,13.3,16.4
1949,7,14.0772,16.399,14.3,16.4
1949,8,13.7836,16.4069,13.8,16.4
1949,9,11.8214,16.1492,12,16.2
1949,10,9.436,15.8456,9.3,15.9
1949,11,6.0343,15.742,5.9,15.8
1949,12,3.0579,15.6703,3.7,15.7
1950,1,1.7605,15.7626,2.8,15.8
1950,2,2.5255,15.8204,3.2,15.9
1950,3,4.9051,15.8892,5,15.9
1950,4,7.7142,15.9607,8.1,16
1950,5,11.0419,16.2914,11.1,16.3
1950,6,13.126,16.3829,13.3,16.4
1950,7,13.8783,16.3721,14.3,16.4
1950,8,13.2876,16.3438,13.8,16.4
1950,9,11.8308,16.1491,12,16.2
1950,10,9.1289,15.8312,9.3,15.9
1950,11,4.8136,15.7724,5.9,15.8
1950,12,3.5017,15.7106,3.7,15.7
1951,1,2.1199,15.7889,2.8,15.8
1951,2,1.9371,15.9067,3.2,15.9
1951,3,4.5361,15.9504,5,15.9
1951,4,8.1546,16.0704,8.1,16
1951,5,11.3378,16.4506,11.1,16.3
1951,6,13.1256,16.583,13.3,16.4
1951,7,14.3309,16.6516,14.3,16.4
1951,8,13.9692,16.6943,13.8,16.4
1951,9,12.3125,16.4757,12,16.2
1951,10,9.463,16.1658,9.3,15.9
1951,11,5.8438,16.0076,5.9,15.8
1951,12,4.5027,15.8913,3.7,15.7
1952,1,3.0705,15.9585,2.8,15.8
1952,2,3.1678,16.04,3.2,15.9
1952,3,4.3045,16.0405,5,15.9
1952,4,8.1452,16.1843,8.1,16
1952,5,11.0891,16.4899,11.1,16.3
1952,6,13.4298,16.6097,13.3,16.4
1952,7,14.4735,16.5301,14.3,16.4
1952,8,13.8044,16.5615,13.8,16.4
1952,9,12.1544,16.3398,12,16.2
1952,10,8.9159,16.0001,9.3,15.9
1952,11,4.9812,15.8533,5.9,15.8
1952,12,3.468,15.7889,3.7,15.7
1953,1,3.1332,15.9033,2.8,15.8
1953,2,3.7443,16.0211,3.2,15.9
1953,3,5.4659,16.0169,5,15.9
1953,4,8.426,16.2207,8.1,16
1953,5,11.3207,16.4754,11.1,16.3
1953,6,13.4892,16.543,13.3,16.4
1953,7,14.4736,16.5691,14.3,16.4
1953,8,13.9144,16.5929,13.8,16.4
1953,9,12.0877,16.3673,12,16.2
1953,10,9.5376,16.0181,9.3,15.9
1953,11,5.5202,15.9293,5.9,15.8
1953,12,4.0068,15.7859,3.7,15.7
1954,1,1.8476,15.9113,2.8,15.8
1954,2,2.868,15.9829,3.2,15.9
1954,3,4.5854,15.9376,5,15.9
1954,4,7.6787,16.0234,8.1,16
1954,5,10.6355,16.3391,11.1,16.3
1954,6,13.2943,16.404,13.3,16.4
1954,7,14.2193,16.3678,14.3,16.4
1954,8,13.7739,16.3969,13.8,16.4
1954,9,12.0497,16.2112,12,16.2
1954,10,9.4049,15.8433,9.3,15.9
1954,11,6.4398,15.7725,5.9,15.8
1954,12,3.3216,15.623,3.7,15.7
1955,1,3.6382,15.775,2.8,15.8
1955,2,3.0799,15.8371,3.2,15.9
1955,3,4.06,15.8351,5,15.9
1955,4,7.5957,15.9308,8.1,16
1955,5,11.139,16.2314,11.1,16.3
1955,6,13.321,16.352,13.3,16.4
1955,7,14.2124,16.4698,14.3,16.4
1955,8,13.9544,16.4722,13.8,16.4
1955,9,11.9626,16.2307,12,16.2
1955,10,9.5475,15.8546,9.3,15.9
1955,11,5.5566,15.731,5.9,15.8
1955,12,3.1996,15.6514,3.7,15.7
1956,1,2.3782,15.8348,2.8,15.8
1956,2,2.3406,15.8589,3.2,15.9
1956,3,4.4077,15.8831,5,15.9
1956,4,7.5044,15.9749,8.1,16
1956,5,10.7583,16.2221,11.1,16.3
1956,6,13.1821,16.2818,13.3,16.4
1956,7,13.9281,16.328,14.3,16.4
1956,8,13.3963,16.3123,13.8,16.4
1956,9,11.5227,16.0878,12,16.2
1956,10,8.8291,15.8325,9.3,15.9
1956,11,5.5355,15.6819,5.9,15.8
1956,12,3.2518,15.6442,3.7,15.7
1957,1,2.328,15.7997,2.8,15.8
1957,2,2.69,15.9481,3.2,15.9
1957,3,4.4481,15.9379,5,15.9
1957,4,7.6649,16.1181,8.1,16
1957,5,10.8385,16.4368,11.1,16.3
1957,6,13.317,16.5883,13.3,16.4
1957,7,14.087,16.6267,14.3,16.4
1957,8,13.7687,16.6651,13.8,16.4
1957,9,12.121,16.394,12,16.2
1957,10,9.0991,16.0958,9.3,15.9
1957,11,6.0577,16.011,5.9,15.8
1957,12,4.4391,15.9211,3.7,15.7
1958,1,3.697,16.0753,2.8,15.8
1958,2,3.5415,16.1744,3.2,15.9
1958,3,4.9467,16.2021,5,15.9
1958,4,8.0219,16.2179,8.1,16
1958,5,11.0869,16.4679,11.1,16.3
1958,6,13.0725,16.626,13.3,16.4
1958,7,14.0625,16.5761,14.3,16.4
1958,8,13.7534,16.595,13.8,16.4
1958,9,11.7866,16.3882,12,16.2
1958,10,9.1848,16.0488,9.3,15.9
1958,11,6.0898,15.887,5.9,15.8
1958,12,4.059,15.8529,3.7,15.7
1959,1,3.0288,15.986,2.8,15.8
1959,2,3.1436,16.0711,3.2,15.9
1959,3,5.5971,16.0175,5,15.9
1959,4,8.2773,16.1533,8.1,16
1959,5,10.9713,16.4576,11.1,16.3
1959,6,13.4666,16.5221,13.3,16.4
1959,7,14.1797,16.5314,14.3,16.4
1959,8,13.7783,16.5466,13.8,16.4
1959,9,12.0878,16.37,12,16.2
1959,10,8.9302,15.9985,9.3,15.9
1959,11,5.2839,15.8813,5.9,15.8
1959,12,3.5986,15.7772,3.7,15.7
1960,1,2.6745,15.8873,2.8,15.8
1960,2,4.0455,16.0193,3.2,15.9
1960,3,3.9021,15.9535,5,15.9
1960,4,7.7675,16.0367,8.1,16
1960,5,10.7127,16.4267,11.1,16.3
1960,6,13.4849,16.5343,13.3,16.4
1960,7,14.1268,16.596,14.3,16.4
1960,8,13.755,16.5521,13.8,16.4
1960,9,12.0424,16.3365,12,16.2
1960,10,9.1699,15.9955,9.3,15.9
1960,11,5.5493,15.8806,5.9,15.8
1960,12,4.43,15.8264,3.7,15.7
1961,1,3.0738,15.8984,2.8,15.8
1961,2,3.659,16.0228,3.2,15.9
1961,3,5.4157,16.0064,5,15.9
1961,4,8.1344,16.1824,8.1,16
1961,5,11.2509,16.4759,11.1,16.3
1961,6,13.5151,16.5891,13.3,16.4
1961,7,14.2193,16.5648,14.3,16.4
1961,8,13.713,16.5796,13.8,16.4
1961,9,11.7879,16.294,12,16.2
1961,10,8.7921,16.0655,9.3,15.9
1961,11,5.8906,15.9463,5.9,15.8
1961,12,3.4249,15.8495,3.7,15.7
1962,1,3.3303,15.9746,2.8,15.8
1962,2,3.8298,16.0555,3.2,15.9
1962,3,5.2854,16.0826,5,15.9
1962,4,8.3344,16.1596,8.1,16
1962,5,11.2668,16.4054,11.1,16.3
1962,6,13.0463,16.5216,13.3,16.4
1962,7,14.3524,16.6488,14.3,16.4
1962,8,13.7348,16.5864,13.8,16.4
1962,9,11.8983,16.3553,12,16.2
1962,10,9.4942,16.0282,9.3,15.9
1962,11,5.9867,15.9242,5.9,15.8
1962,12,4.065,15.8162,3.7,15.7
1963,1,3.0573,15.936,2.8,15.8
1963,2,4.4134,16.031,3.2,15.9
1963,3,4.9269,15.9627,5,15.9
1963,4,7.8333,16.185,8.1,16
1963,5,10.8794,16.4687,11.1,16.3
1963,6,13.1681,16.5618,13.3,16.4
1963,7,14.4484,16.6343,14.3,16.4
1963,8,13.9471,16.6559,13.8,16.4
1963,9,12.259,16.4035,12,16.2
1963,10,9.9513,16.1529,9.3,15.9
1963,11,6.4935,16.1541,5.9,15.8
1963,12,3.7741,15.9588,3.7,15.7
1964,1,2.9113,15.9152,2.8,15.8
1964,2,2.6801,16.0031,3.2,15.9
1964,3,4.4129,15.8861,5,15.9
1964,4,7.5109,15.9962,8.1,16
1964,5,10.9251,16.368,11.1,16.3
1964,6,13.1686,16.4322,13.3,16.4
1964,7,14.1389,16.4055,14.3,16.4
1964,8,13.4904,16.2689,13.8,16.4
1964,9,11.5298,16.0417,12,16.2
1964,10,8.7768,15.7192,9.3,15.9
1964,11,5.7616,15.626,5.9,15.8
1964,12,3.3566,15.5315,3.7,15.7
1965,1,2.9756,15.6602,2.8,15.8
1965,2,2.4447,15.7676,3.2,15.9
1965,3,4.9113,15.8276,5,15.9
1965,4,7.6011,15.9183,8.1,16
1965,5,10.9436,16.2432,11.1,16.3
1965,6,13.0708,16.3205,13.3,16.4
1965,7,14.1432,16.3247,14.3,16.4
1965,8,13.409,16.3874,13.8,16.4
1965,9,11.6362,16.196,12,16.2
1965,10,9.3861,15.9195,9.3,15.9
1965,11,5.4369,15.9311,5.9,15.8
1965,12,3.6085,15.7883,3.7,15.7
1966,1,2.4731,15.8626,2.8,15.8
1966,2,3.0739,16.0259,3.2,15.9
1966,3,4.9999,16.0675,5,15.9
1966,4,7.5874,16.1516,8.1,16
1966,5,11.02,16.3741,11.1,16.3
1966,6,13.3385,16.5124,13.3,16.4
1966,7,14.4135,16.5638,14.3,16.4
1966,8,13.9453,16.5537,13.8,16.4
1966,9,12.1505,16.3208,12,16.2
1966,10,9.1267,16.0524,9.3,15.9
1966,11,5.542,15.9798,5.9,15.8
1966,12,3.0055,15.8578,3.7,15.7
1967,1,2.3936,15.8293,2.8,15.8
1967,2,2.6349,15.873,3.2,15.9
1967,3,5.2043,16.0019,5,15.9
1967,4,8.141,16.0923,8.1,16
1967,5,11.2757,16.4888,11.1,16.3
1967,6,13.0849,16.5703,13.3,16.4
1967,7,14.1716,16.5923,14.3,16.4
1967,8,13.5917,16.6504,13.8,16.4
1967,9,11.7736,16.3431,12,16.2
1967,10,9.7627,16.0027,9.3,15.9
1967,11,5.8944,15.8641,5.9,15.8
1967,12,3.7714,15.7152,3.7,15.7
1968,1,2.2361,15.7394,2.8,15.8
1968,2,3.0908,15.8508,3.2,15.9
1968,3,6.2261,15.8856,5,15.9
1968,4,8.1155,16.036,8.1,16
1968,5,10.9995,16.392,11.1,16.3
1968,6,13.0418,16.5962,13.3,16.4
1968,7,14.0151,16.5455,14.3,16.4
1968,8,13.5175,16.5272,13.8,16.4
1968,9,11.7131,16.3262,12,16.2
1968,10,9.0556,16.0646,9.3,15.9
1968,11,5.5315,15.9426,5.9,15.8
1968,12,2.989,15.8615,3.7,15.7
1969,1,1.0421,16.0885,2.8,15.8
1969,2,1.7,16.168,3.2,15.9
1969,3,4.6975,16.0889,5,15.9
1969,4,8.0534,16.2314,8.1,16
1969,5,10.9324,16.5451,11.1,16.3
1969,6,13.1219,16.5265,13.3,16.4
1969,7,14.2137,16.547,14.3,16.4
1969,8,13.6841,16.5655,13.8,16.4
1969,9,11.8773,16.3976,12,16.2
1969,10,9.1171,15.9986,9.3,15.9
1969,11,6.3257,15.9042,5.9,15.8
1969,12,4.2783,15.8453,3.7,15.7
1970,1,2.7128,15.8745,2.8,15.8
1970,2,3.7475,16.009,3.2,15.9
1970,3,4.6068,16.0077,5,15.9
1970,4,8.1465,16.1011,8.1,16
1970,5,10.9733,16.3974,11.1,16.3
1970,6,13.2987,16.4705,13.3,16.4
1970,7,14.3216,16.3782,14.3,16.4
1970,8,13.7127,16.4119,13.8,16.4
1970,9,11.8632,16.1947,12,16.2
1970,10,8.871,15.8939,9.3,15.9
1970,11,5.8775,15.8153,5.9,15.8
1970,12,3.329,15.6698,3.7,15.7
1971,1,2.8722,15.7483,2.8,15.8
1971,2,2.6344,15.7844,3.2,15.9
1971,3,4.6352,15.7714,5,15.9
1971,4,7.8721,15.9096,8.1,16
1971,5,11.0293,16.1989,11.1,16.3
1971,6,13.1853,16.2728,13.3,16.4
1971,7,14.0674,16.3557,14.3,16.4
1971,8,13.6133,16.262,13.8,16.4
1971,9,11.9401,15.987,12,16.2
1971,10,9.2444,15.6835,9.3,15.9
1971,11,6.5052,15.5894,5.9,15.8
1971,12,3.9651,15.551,3.7,15.7
1972,1,1.556,15.6101,2.8,15.8
1972,2,2.1413,15.8029,3.2,15.9
1972,3,4.9662,15.8229,5,15.9
1972,4,8.053,15.9874,8.1,16
1972,5,10.8302,16.3403,11.1,16.3
1972,6,13.1811,16.468,13.3,16.4
1972,7,14.0496,16.5085,14.3,16.4
1972,8,13.6776,16.3974,13.8,16.4
1972,9,11.4925,16.153,12,16.2
1972,10,9.0403,15.9276,9.3,15.9
1972,11,5.4188,15.8441,5.9,15.8
1972,12,3.5686,15.8414,3.7,15.7
1973,1,2.8261,15.9263,2.8,15.8
1973,2,3.986,16.0711,3.2,15.9
1973,3,5.6576,16.0191,5,15.9
1973,4,8.4119,16.1175,8.1,16
1973,5,11.3182,16.4236,11.1,16.3
1973,6,13.6268,16.4916,13.3,16.4
1973,7,14.3432,16.4445,14.3,16.4
1973,8,13.8441,16.3988,13.8,16.4
1973,9,11.9342,16.1409,12,16.2
1973,10,9.2449,15.8223,9.3,15.9
1973,11,5.8738,15.7467,5.9,15.8
1973,12,4.131,15.5496,3.7,15.7
1974,1,1.9698,15.6801,2.8,15.8
1974,2,2.3327,15.7835,3.2,15.9
1974,3,5.0387,15.7895,5,15.9
1974,4,8.1735,15.8269,8.1,16
1974,5,10.9349,16.1542,11.1,16.3
1974,6,13.1433,16.2584,13.3,16.4
1974,7,14.2005,16.3063,14.3,16.4
1974,8,13.5653,16.3355,13.8,16.4
1974,9,11.7949,16.1165,12,16.2
1974,10,8.8127,15.7869,9.3,15.9
1974,11,5.5773,15.6478,5.9,15.8
1974,12,3.2423,15.5847,3.7,15.7
1975,1,3.2822,15.7339,2.8,15.8
1975,2,3.1987,15.8601,3.2,15.9
1975,3,5.5382,15.8281,5,15.9
1975,4,8.4198,15.8971,8.1,16
1975,5,11.2665,16.2049,11.1,16.3
1975,6,13.3793,16.2657,13.3,16.4
1975,7,14.2474,16.3054,14.3,16.4
1975,8,13.6182,16.2722,13.8,16.4
1975,9,12.0745,16.0342,12,16.2
1975,10,9.178,15.6972,9.3,15.9
1975,11,5.6619,15.5272,5.9,15.8
1975,12,3.789,15.4607,3.7,15.7
1976,1,3.2665,15.551,2.8,15.8
1976,2,2.9672,15.6614,3.2,15.9
1976,3,4.1196,15.7187,5,15.9
1976,4,8.2555,15.8492,8.1,16
1976,5,10.8929,16.11,11.1,16.3
1976,6,12.9548,16.2707,13.3,16.4
1976,7,13.8932,16.2592,14.3,16.4
1976,8,13.4694,16.2832,13.8,16.4
1976,9,11.8994,16.0583,12,16.2
1976,10,8.1852,15.8132,9.3,15.9
1976,11,5.2415,15.7036,5.9,15.8
1976,12,3.2484,15.6472,3.7,15.7
1977,1,1.8518,15.8495,2.8,15.8
1977,2,3.3552,15.9134,3.2,15.9
1977,3,5.692,15.9276,5,15.9
1977,4,8.6899,15.9964,8.1,16
1977,5,11.5539,16.3371,11.1,16.3
1977,6,13.6943,16.493,13.3,16.4
1977,7,14.2998,16.4953,14.3,16.4
1977,8,13.5887,16.5119,13.8,16.4
1977,9,12.0217,16.3582,12,16.2
1977,10,8.9177,16.0218,9.3,15.9
1977,11,6.4691,15.8692,5.9,15.8
1977,12,3.5749,15.7958,3.7,15.7
1978,1,2.8576,15.9278,2.8,15.8
1978,2,3.18,15.9829,3.2,15.9
1978,3,5.3912,15.9445,5,15.9
1978,4,8.4014,16.0136,8.1,16
1978,5,10.973,16.2769,11.1,16.3
1978,6,13.116,16.3771,13.3,16.4
1978,7,13.9255,16.4597,14.3,16.4
1978,8,13.3974,16.3971,13.8,16.4
1978,9,11.9437,16.2043,12,16.2
1978,10,9.2664,15.9062,9.3,15.9
1978,11,6.3119,15.8263,5.9,15.8
1978,12,3.6728,15.7556,3.7,15.7
1979,1,2.4754,15.9385,2.8,15.8
1979,2,2.795,15.9096,3.2,15.9
1979,3,5.2398,16.0029,5,15.9
1979,4,7.6272,16.0691,8.1,16
1979,5,11.1024,16.3184,11.1,16.3
1979,6,13.3435,16.5216,13.3,16.4
1979,7,14.2373,16.4629,14.3,16.4
1979,8,13.6884,16.5169,13.8,16.4
1979,9,12.1338,16.3613,12,16.2
1979,10,9.5366,15.986,9.3,15.9
1979,11,6.0078,15.9227,5.9,15.8
1979,12,4.7607,15.8924,3.7,15.7
1980,1,2.8282,16.0198,2.8,15.8
1980,2,3.514,16.0623,3.2,15.9
1980,3,4.6263,16.0655,5,15.9
1980,4,8.3669,16.121,8.1,16
1980,5,11.3692,16.4569,11.1,16.3
1980,6,13.4921,16.5959,13.3,16.4
1980,7,14.3732,16.5483,14.3,16.4
1980,8,13.7848,16.5263,13.8,16.4
1980,9,12.0245,16.311,12,16.2
1980,10,9.3926,15.8853,9.3,15.9
1980,11,6.6069,15.7959,5.9,15.8
1980,12,3.9388,15.7223,3.7,15.7
1981,1,4.1551,15.9095,2.8,15.8
1981,2,4.1803,16.0099,3.2,15.9
1981,3,6.1242,16.0815,5,15.9
1981,4,8.7884,16.1319,8.1,16
1981,5,11.2655,16.4375,11.1,16.3
1981,6,13.6488,16.5732,13.3,16.4
1981,7,14.4204,16.4934,14.3,16.4
1981,8,14.0645,16.4845,13.8,16.4
1981,9,12.0908,16.3182,12,16.2
1981,10,9.3317,16.0369,9.3,15.9
1981,11,6.0781,15.9503,5.9,15.8
1981,12,4.651,15.8887,3.7,15.7
1982,1,2.3969,15.9203,2.8,15.8
1982,2,3.2021,16.0413,3.2,15.9
1982,3,4.6815,16.0421,5,15.9
1982,4,8.3842,16.0952,8.1,16
1982,5,11.0964,16.4611,11.1,16.3
1982,6,13.1819,16.5206,13.3,16.4
1982,7,14.38,16.4048,14.3,16.4
1982,8,13.6437,16.416,13.8,16.4
1982,9,12.0959,16.2235,12,16.2
1982,10,9.1326,16.0077,9.3,15.9
1982,11,5.4226,15.9197,5.9,15.8
1982,12,4.3883,15.8498,3.7,15.7
1983,1,3.6513,15.9842,2.8,15.8
1983,2,3.8734,16.0118,3.2,15.9
1983,3,5.5279,16.076,5,15.9
1983,4,8.1574,16.1369,8.1,16
1983,5,11.1261,16.4489,11.1,16.3
1983,6,13.3026,16.5659,13.3,16.4
1983,7,14.601,16.5042,14.3,16.4
1983,8,14.3177,16.4762,13.8,16.4
1983,9,12.3657,16.3245,12,16.2
1983,10,9.4055,15.9598,9.3,15.9
1983,11,7.0823,15.8732,5.9,15.8
1983,12,3.9413,15.7999,3.7,15.7
1984,1,3.2185,15.8641,2.8,15.8
1984,2,2.9629,15.9554,3.2,15.9
1984,3,5.4186,15.9744,5,15.9
1984,4,8.1029,16.0321,8.1,16
1984,5,11.6114,16.3902,11.1,16.3
1984,6,13.375,16.4224,13.3,16.4
1984,7,14.2349,16.459,14.3,16.4
1984,8,13.9097,16.4182,13.8,16.4
1984,9,11.7704,16.2414,12,16.2
1984,10,9.1472,15.8599,9.3,15.9
1984,11,5.4651,15.7363,5.9,15.8
1984,12,2.609,15.5972,3.7,15.7
1985,1,2.9074,15.6943,2.8,15.8
1985,2,2.4289,15.8304,3.2,15.9
1985,3,5.1058,15.8405,5,15.9
1985,4,8.311,15.8706,8.1,16
1985,5,11.2842,16.2684,11.1,16.3
1985,6,13.324,16.3895,13.3,16.4
1985,7,13.984,16.3895,14.3,16.4
1985,8,13.7824,16.3274,13.8,16.4
1985,9,11.7888,16.2114,12,16.2
1985,10,9.1626,15.8969,9.3,15.9
1985,11,5.6568,15.8942,5.9,15.8
1985,12,3.8113,15.7631,3.7,15.7
1986,1,3.6555,15.7828,2.8,15.8
1986,2,3.6451,15.9319,3.2,15.9
1986,3,5.5844,15.8861,5,15.9
1986,4,8.43,16.0576,8.1,16
1986,5,11.2674,16.4082,11.1,16.3
1986,6,13.5008,16.4995,13.3,16.4
1986,7,14.2281,16.4425,14.3,16.4
1986,8,13.7409,16.4735,13.8,16.4
1986,9,11.856,16.2852,12,16.2
1986,10,9.2785,15.979,9.3,15.9
1986,11,5.6911,15.8734,5.9,15.8
1986,12,3.6999,15.7742,3.7,15.7
1987,1,3.1389,15.8287,2.8,15.8
1987,2,4.4611,15.9414,3.2,15.9
1987,3,4.8306,16.04,5,15.9
1987,4,8.0612,16.1237,8.1,16
1987,5,11.3952,16.4985,11.1,16.3
1987,6,13.4024,16.5966,13.3,16.4
1987,7,14.6473,16.6212,14.3,16.4
1987,8,14.0602,16.6822,13.8,16.4
1987,9,12.3891,16.5145,12,16.2
1987,10,9.2037,16.193,9.3,15.9
1987,11,5.6134,16.125,5.9,15.8
1987,12,4.689,15.9758,3.7,15.7
1988,1,3.5427,16.1315,2.8,15.8
1988,2,3.3398,16.1605,3.2,15.9
1988,3,5.5576,16.1939,5,15.9
1988,4,8.7308,16.2804,8.1,16
1988,5,11.5779,16.5331,11.1,16.3
1988,6,13.9479,16.5892,13.3,16.4
1988,7,14.8183,16.651,14.3,16.4
1988,8,14.0766,16.5844,13.8,16.4
1988,9,12.3695,16.3426,12,16.2
1988,10,9.5704,16.0015,9.3,15.9
1988,11,6.2794,15.7798,5.9,15.8
1988,12,4.7317,15.7014,3.7,15.7
1989,1,3.0356,15.7955,2.8,15.8
1989,2,3.7419,16.0019,3.2,15.9
1989,3,5.7744,15.9631,5,15.9
1989,4,8.3947,16.1686,8.1,16
1989,5,11.4313,16.4446,11.1,16.3
1989,6,13.5014,16.6302,13.3,16.4
1989,7,14.6012,16.6645,14.3,16.4
1989,8,13.9718,16.6435,13.8,16.4
1989,9,12.2114,16.4167,12,16.2
1989,10,9.6545,16.0497,9.3,15.9
1989,11,5.9688,15.9497,5.9,15.8
1989,12,4.4615,15.8566,3.7,15.7
1990,1,3.2515,15.9884,2.8,15.8
1990,2,3.8579,16.1126,3.2,15.9
1990,3,6.99,16.2488,5,15.9
1990,4,8.8706,16.3181,8.1,16
1990,5,11.5573,16.6052,11.1,16.3
1990,6,13.8797,16.6735,13.3,16.4
1990,7,14.3941,16.7132,14.3,16.4
1990,8,14.0113,16.7349,13.8,16.4
1990,9,12.2404,16.5339,12,16.2
1990,10,9.7394,16.2693,9.3,15.9
1990,11,6.5005,16.1652,5.9,15.8
1990,12,4.2593,16.0163,3.7,15.7
1991,1,3.5506,16.1216,2.8,15.8
1991,2,4.0071,16.1703,3.2,15.9
1991,3,5.2909,16.1992,5,15.9
1991,4,8.9145,16.3495,8.1,16
1991,5,11.4108,16.5846,11.1,16.3
1991,6,13.7831,16.7346,13.3,16.4
1991,7,14.713,16.7534,14.3,16.4
1991,8,14.1546,16.6705,13.8,16.4
1991,9,12.4286,16.4033,12,16.2
1991,10,9.6486,16.0653,9.3,15.9
1991,11,6.2692,15.9976,5.9,15.8
1991,12,3.9333,15.8393,3.7,15.7
1992,1,3.9522,15.953,2.8,15.8
1992,2,3.9963,16.0711,3.2,15.9
1992,3,5.6,16.1349,5,15.9
1992,4,8.012,16.1822,8.1,16
1992,5,11.1905,16.4957,11.1,16.3
1992,6,13.1863,16.6218,13.3,16.4
1992,7,13.9625,16.5331,14.3,16.4
1992,8,13.6006,16.4672,13.8,16.4
1992,9,11.4553,16.228,12,16.2
1992,10,9.0998,15.9034,9.3,15.9
1992,11,5.7445,15.7978,5.9,15.8
1992,12,4.237,15.7392,3.7,15.7
1993,1,3.4902,15.9588,2.8,15.8
1993,2,4.083,16.053,3.2,15.9
1993,3,5.8819,16.012,5,15.9
1993,4,8.2768,16.1626,8.1,16
1993,5,11.3645,16.5231,11.1,16.3
1993,6,13.4412,16.6286,13.3,16.4
1993,7,14.2956,16.5239,14.3,16.4
1993,8,13.7994,16.4751,13.8,16.4
1993,9,11.795,16.2815,12,16.2
1993,10,9.3567,15.9844,9.3,15.9
1993,11,5.2898,15.8985,5.9,15.8
1993,12,4.3183,15.8305,3.7,15.7
1994,1,3.1559,15.926,2.8,15.8
1994,2,2.6319,16.0633,3.2,15.9
1994,3,5.773,16.0874,5,15.9
1994,4,8.7474,16.2514,8.1,16
1994,5,11.5896,16.5321,11.1,16.3
1994,6,13.8848,16.6435,13.3,16.4
1994,7,14.575,16.7051,14.3,16.4
1994,8,14.0808,16.7241,13.8,16.4
1994,9,12.2612,16.4965,12,16.2
1994,10,9.9353,16.289,9.3,15.9
1994,11,6.6912,16.1527,5.9,15.8
1994,12,4.0541,16.0617,3.7,15.7
1995,1,4.0198,16.1341,2.8,15.8
1995,2,5.1421,16.2461,3.2,15.9
1995,3,5.8563,16.2013,5,15.9
1995,4,8.7579,16.3233,8.1,16
1995,5,11.4841,16.5871,11.1,16.3
1995,6,14.0183,16.7713,13.3,16.4
1995,7,14.6933,16.7999,14.3,16.4
1995,8,14.5503,16.8182,13.8,16.4
1995,9,12.4789,16.4813,12,16.2
1995,10,10.1177,16.214,9.3,15.9
1995,11,6.7058,16.12,5.9,15.8
1995,12,4.2919,15.9867,3.7,15.7
1996,1,2.8892,16.067,2.8,15.8
1996,2,4.1274,16.136,3.2,15.9
1996,3,5.1483,16.128,5,15.9
1996,4,8.0905,16.2372,8.1,16
1996,5,11.6144,16.5432,11.1,16.3
1996,6,13.5598,16.6923,13.3,16.4
1996,7,14.6497,16.6559,14.3,16.4
1996,8,13.8936,16.7338,13.8,16.4
1996,9,11.978,16.469,12,16.2
1996,10,9.2022,16.0832,9.3,15.9
1996,11,6.0645,16.0132,5.9,15.8
1996,12,4.3295,15.8919,3.7,15.7
1997,1,3.5097,16.013,2.8,15.8
1997,2,4.0592,16.2034,3.2,15.9
1997,3,5.9508,16.2382,5,15.9
1997,4,8.8922,16.3323,8.1,16
1997,5,11.4982,16.7199,11.1,16.3
1997,6,13.8835,16.8948,13.3,16.4
1997,7,14.7371,16.918,14.3,16.4
1997,8,14.3035,16.8958,13.8,16.4
1997,9,12.622,16.7417,12,16.2
1997,10,10.1313,16.4462,9.3,15.9
1997,11,6.3484,16.3495,5.9,15.8
1997,12,4.3745,16.2431,3.7,15.7
1998,1,3.4039,16.3322,2.8,15.8
1998,2,5.0385,16.4381,3.2,15.9
1998,3,5.7552,16.3987,5,15.9
1998,4,9.3287,16.5147,8.1,16
1998,5,11.9363,16.8055,11.1,16.3
1998,6,14.1113,16.9715,13.3,16.4
1998,7,15.3899,16.9655,14.3,16.4
1998,8,14.7771,16.97,13.8,16.4
1998,9,12.7601,16.6386,12,16.2
1998,10,9.9213,16.2898,9.3,15.9
1998,11,6.1499,16.2255,5.9,15.8
1998,12,5.0193,16.0594,3.7,15.7
1999,1,3.8953,16.0828,2.8,15.8
1999,2,5.1929,16.1801,3.2,15.9
1999,3,5.0985,16.2023,5,15.9
1999,4,9.074,16.2784,8.1,16
1999,5,11.7145,16.5455,11.1,16.3
1999,6,13.8336,16.6771,13.3,16.4
1999,7,14.9115,16.6549,14.3,16.4
1999,8,14.2017,16.701,13.8,16.4
1999,9,12.5048,16.4862,12,16.2
1999,10,9.9439,16.1517,9.3,15.9
1999,11,6.6851,16.0125,5.9,15.8
1999,12,5.3995,15.9199,3.7,15.7
2000,1,3.3658,15.9885,2.8,15.8
2000,2,4.5256,16.1869,3.2,15.9
2000,3,6.3667,16.184,5,15.9
2000,4,9.7214,16.288,8.1,16
2000,5,12.1203,16.6316,11.1,16.3
2000,6,13.9141,16.7068,13.3,16.4
2000,7,14.8519,16.7503,14.3,16.4
2000,8,14.4513,16.8007,13.8,16.4
2000,9,12.441,16.591,12,16.2
2000,10,9.292,16.2576,9.3,15.9
2000,11,5.7422,16.125,5.9,15.8
2000,12,3.8224,16.012,3.7,15.7
2001,1,3.5634,16.1015,2.8,15.8
2001,2,3.6163,16.2206,3.2,15.9
2001,3,6.4419,16.2855,5,15.9
2001,4,9.1356,16.3673,8.1,16
2001,5,12.2353,16.7033,11.1,16.3
2001,6,13.9737,16.8624,13.3,16.4
2001,7,15.0328,16.9321,14.3,16.4
2001,8,14.7052,16.9004,13.8,16.4
2001,9,12.5595,16.6797,12,16.2
2001,10,9.8853,16.387,9.3,15.9
2001,11,7.5397,16.2356,5.9,15.8
2001,12,4.4966,16.1178,3.7,15.7
2002,1,4.53,16.1697,2.8,15.8
2002,2,5.4009,16.2843,3.2,15.9
2002,3,6.6976,16.3749,5,15.9
2002,4,8.6854,16.4462,8.1,16
2002,5,11.5984,16.7779,11.1,16.3
2002,6,14.1563,16.9223,13.3,16.4
2002,7,15.3492,16.8424,14.3,16.4
2002,8,14.4554,16.839,13.8,16.4
2002,9,12.7725,16.6512,12,16.2
2002,10,9.4948,16.3889,9.3,15.9
2002,11,6.9066,16.2775,5.9,15.8
2002,12,3.8659,16.1803,3.7,15.7
2003,1,4.1634,16.2299,2.8,15.8
2003,2,3.9465,16.2723,3.2,15.9
2003,3,5.7326,16.3213,5,15.9
2003,4,8.8195,16.4092,8.1,16
2003,5,11.9961,16.7715,11.1,16.3
2003,6,13.8083,16.8755,13.3,16.4
2003,7,14.7944,16.9756,14.3,16.4
2003,8,14.7176,17.0453,13.8,16.4
2003,9,12.7623,16.8612,12,16.2
2003,10,10.5498,16.5544,9.3,15.9
2003,11,6.4912,16.3983,5.9,15.8
2003,12,5.3062,16.2275,3.7,15.7
2004,1,3.7518,16.2771,2.8,15.8
2004,2,4.7199,16.3741,3.2,15.9
2004,3,6.4243,16.3893,5,15.9
2004,4,8.8892,16.5101,8.1,16
2004,5,11.619,16.7515,11.1,16.3
2004,6,13.7683,16.8879,13.3,16.4
2004,7,14.7022,16.9784,14.3,16.4
2004,8,14.1587,16.9824,13.8,16.4
2004,9,12.5121,16.7784,12,16.2
2004,10,10.0296,16.4866,9.3,15.9
2004,11,7.4545,16.3894,5.9,15.8
2004,12,4.1453,16.1668,3.7,15.7
2005,1,3.8381,16.3088,2.8,15.8
2005,2,3.6822,16.3431,3.2,15.9
2005,3,6.3555,16.3414,5,15.9
2005,4,9.475,16.5215,8.1,16
2005,5,12.0427,16.8834,11.1,16.3
2005,6,14.1846,17.0129,13.3,16.4
2005,7,15.1544,17.0455,14.3,16.4
2005,8,14.4355,17.0549,13.8,16.4
2005,9,13.1688,16.8124,12,16.2
2005,10,10.5405,16.4681,9.3,15.9
2005,11,7.451,16.3161,5.9,15.8
2005,12,4.9099,16.1213,3.7,15.7
2006,1,3.2383,16.1294,2.8,15.8
2006,2,4.4552,16.2363,3.2,15.9
2006,3,6.2167,16.2238,5,15.9
2006,4,8.8091,16.3525,8.1,16
2006,5,12.0482,16.7494,11.1,16.3
2006,6,14.4405,16.896,13.3,16.4
2006,7,15.0517,16.933,14.3,16.4
2006,8,14.5913,16.9792,13.8,16.4
2006,9,12.7579,16.8254,12,16.2
2006,10,10.2459,16.556,9.3,15.9
2006,11,6.6895,16.4611,5.9,15.8
2006,12,5.3453,16.2617,3.7,15.7
2007,1,5.0454,16.3213,2.8,15.8
2007,2,4.3173,16.3771,3.2,15.9
2007,3,6.359,16.3436,5,15.9
2007,4,9.6844,16.434,8.1,16
2007,5,12.2357,16.6779,11.1,16.3
2007,6,14.1362,16.841,13.3,16.4
2007,7,15.0595,16.8336,14.3,16.4
2007,8,14.757,16.8304,13.8,16.4
2007,9,12.8543,16.6786,12,16.2
2007,10,10.3117,16.3214,9.3,15.9
2007,11,7.1094,16.1403,5.9,15.8
2007,12,4.8002,16.0198,3.7,15.7
2008,1,2.7319,16.077,2.8,15.8
2008,2,3.8051,16.1263,3.2,15.9
2008,3,7.3382,16.1883,5,15.9
2008,4,8.9473,16.3349,8.1,16
2008,5,11.9008,16.6835,11.1,16.3
2008,6,14.1625,16.8658,13.3,16.4
2008,7,14.9906,16.889,14.3,16.4
2008,8,14.4751,16.8875,13.8,16.4
2008,9,12.5297,16.6985,12,16.2
2008,10,10.4161,16.4343,9.3,15.9
2008,11,7.3232,16.2324,5.9,15.8
2008,12,4.5375,16.0916,3.7,15.7
2009,1,3.9088,16.1455,2.8,15.8
2009,2,4.2587,16.2142,3.2,15.9
2009,3,5.9733,16.2154,5,15.9
2009,4,9.2263,16.388,8.1,16
2009,5,11.7697,16.7394,11.1,16.3
2009,6,13.9782,17.0198,13.3,16.4
2009,7,14.8242,17.0412,14.3,16.4
2009,8,14.4018,17.0277,13.8,16.4
2009,9,13.0767,16.7259,12,16.2
2009,10,10.0684,16.4353,9.3,15.9
2009,11,6.5862,16.354,5.9,15.8
2009,12,4.1043,16.3036,3.7,15.7
2010,1,3.6538,16.3309,2.8,15.8
2010,2,4.1019,16.4653,3.2,15.9
2010,3,6.4978,16.434,5,15.9
2010,4,9.4157,16.5865,8.1,16
2010,5,12.2924,16.8631,11.1,16.3
2010,6,14.5009,16.9508,13.3,16.4
2010,7,15.4266,17.0077,14.3,16.4
2010,8,14.819,16.9873,13.8,16.4
2010,9,12.6424,16.6918,12,16.2
2010,10,10.4801,16.3111,9.3,15.9
2010,11,7.8876,16.2277,5.9,15.8
2010,12,4.262,16.1104,3.7,15.7
2011,1,3.2208,16.19,2.8,15.8
2011,2,3.8589,16.2226,3.2,15.9
2011,3,6.1244,16.2221,5,15.9
2011,4,9.4777,16.345,8.1,16
2011,5,11.9778,16.691,11.1,16.3
2011,6,14.3787,16.8569,13.3,16.4
2011,7,15.2692,16.8472,14.3,16.4
2011,8,14.7061,16.8385,13.8,16.4
2011,9,12.889,16.6293,12,16.2
2011,10,10.5876,16.3026,9.3,15.9
2011,11,6.4646,16.2019,5.9,15.8
2011,12,4.7842,16.0604,3.7,15.7
2012,1,3.2568,16.13,2.8,15.8
2012,2,3.5471,16.2114,3.2,15.9
2012,3,5.9336,16.1893,5,15.9
2012,4,9.8506,16.3834,8.1,16
2012,5,12.5347,16.7691,11.1,16.3
2012,6,14.6292,16.8624,13.3,16.4
