"year","Afghanistan","Albania","Algeria","American.Samoa","Andorra","Angola","Anguilla","Antigua.and.Barbuda","Argentina","Armenia","Aruba","Australia","Austria","Azerbaijan","Bahamas","Bahrain","Bangladesh","Barbados","Belarus","Belgium","Belgium.Luxembourg","Belize","Benin","Bermuda","Bhutan","Bolivia..Plurinational.State.of.","Bosnia.and.Herzegovina","Botswana","Brazil","British.Virgin.Islands","Brunei.Darussalam","Bulgaria","Burkina.Faso","Burundi","Cambodia","Cameroon","Canada","Cape.Verde","Cayman.Islands","Central.African.Republic","Chad","Chile","China","Colombia","Comoros","Congo","Cook.Islands","Costa.Rica","Côte.d.Ivoire","Croatia","Cuba","Cyprus","Czech.Republic","Czechoslovakia","Democratic.People.s.Republic.of.Korea","Democratic.Republic.of.the.Congo","Denmark","Djibouti","Dominica","Dominican.Republic","Ecuador","Egypt","El.Salvador","Equatorial.Guinea","Eritrea","Estonia","Ethiopia","Ethiopia.PDR","Falkland.Islands..Malvinas.","Faroe.Islands","Fiji","Finland","France","French.Guiana","French.Polynesia","Gabon","Gambia","Georgia","Germany","Ghana","Gibraltar","Greece","Greenland","Grenada","Guadeloupe","Guam","Guatemala","Guinea","Guinea.Bissau","Guyana","Haiti","Holy.See","Honduras","Hungary","Iceland","India","Indonesia","Iran..Islamic.Republic.of.","Iraq","Ireland","Israel","Italy","Jamaica","Japan","Jordan","Kazakhstan","Kenya","Kiribati","Kuwait","Kyrgyzstan","Lao.People.s.Democratic.Republic","Latvia","Lebanon","Lesotho","Liberia","Libya","Liechtenstein","Lithuania","Luxembourg","Madagascar","Malawi","Malaysia","Maldives","Mali","Malta","Marshall.Islands","Martinique","Mauritania","Mauritius","Mayotte","Mexico","Micronesia..Federated.States.of.","Monaco","Mongolia","Montenegro","Montserrat","Morocco","Mozambique","Myanmar","Namibia","Nauru","Nepal","Netherlands","Netherlands.Antilles","New.Caledonia","New.Zealand","Nicaragua","Niger","Nigeria","Niue","Northern.Mariana.Islands","Norway","Occupied.Palestinian.Territory.","Oman","Pacific.Islands.Trust.Territory","Pakistan","Palau","Panama","Papua.New.Guinea","Paraguay","Peru","Philippines","Poland","Portugal","Puerto.Rico","Qatar","Republic.of.Korea","Republic.of.Moldova","Réunion","Romania","Russian.Federation","Rwanda","Saint.Helena","Saint.Kitts.and.Nevis","Saint.Lucia","Saint.Pierre.and.Miquelon","Saint.Vincent.and.the.Grenadines","Samoa","San.Marino","Sao.Tome.and.Principe","Saudi.Arabia","Senegal","Serbia","Serbia.and.Montenegro","Seychelles","Sierra.Leone","Singapore","Slovakia","Slovenia","Solomon.Islands","Somalia","South.Africa","Spain","Sri.Lanka","Sudan..former.","Suriname","Swaziland","Sweden","Switzerland","Syrian.Arab.Republic","Tajikistan","Thailand","The.former.Yugoslav.Republic.of.Macedonia","Timor.Leste","Togo","Tokelau","Tonga","Trinidad.and.Tobago","Tunisia","Turkey","Turkmenistan","Turks.and.Caicos.Islands","Tuvalu","Uganda","Ukraine","United.Arab.Emirates","United.Kingdom","United.Republic.of.Tanzania","United.States.of.America","United.States.Virgin.Islands","Uruguay","USSR","Uzbekistan","Vanuatu","Venezuela..Bolivarian.Republic.of.","Viet.Nam","Wallis.and.Futuna.Islands","Western.Sahara","Yemen","Yugoslav.SFR","Zambia","Zimbabwe"
1961,9860,1661,11007,21,14,5054,6,55,20961,NA,55,10494,7081,NA,115,167,51531,232,NA,NA,9529,95,2451,46,232,3430,NA,537,74976,8,83,7939,4957,2993,5564,5525,18284,216,8,1529,3017,7848,681349,16487,197,1040,18,1381,3778,NA,7282,576,NA,13714,11220,15767,4613,90,61,3421,4570,28649,2859,255,NA,NA,NA,24544,2,35,407,4463,46281,34,82,488,382,NA,73425,6958,22,8386,34,91,282,69,4274,3593,596,576,3945,1,2066,10010,179,456950,94226,22572,7570,2828,2174,49866,1652,93357,935,NA,8361,34,296,NA,2180,NA,1967,866,1143,1400,17,NA,NA,5227,3608,8429,93,5314,312,NA,289,879,678,25,39684,NA,22,984,NA,12,11948,7800,21407,617,5,9918,11575,137,81,2424,1829,3345,46913,5,NA,3610,1096,571,81,47033,NA,1162,2001,1957,10216,26893,29437,8908,2399,51,25809,NA,345,18533,NA,2856,5,51,91,5,82,113,16,65,4171,3131,NA,NA,42,2222,1690,NA,NA,122,2885,17850,30731,10248,11838,298,357,7526,5393,4717,NA,28150,NA,508,1594,2,64,856,4297,28894,NA,6,6,7007,NA,98,53054,10373,189193,35,2571,217854,NA,66,7853,36056,9,36,5215,10282,3135,3877
1962,10056,1713,11210,21,15,5147,6,56,21297,NA,56,10697,7124,NA,121,172,52977,232,NA,NA,9593,98,2485,46,238,3507,NA,550,77280,8,87,8009,5033,3045,5698,5648,18631,221,8,1557,3083,8050,690456,16985,200,1068,19,1431,3927,NA,7442,578,NA,13805,11478,16181,4648,96,62,3536,4707,29409,2951,258,NA,NA,NA,25143,2,35,422,4494,46919,35,84,491,390,NA,74069,7180,22,8431,35,92,287,70,4391,3646,597,592,4024,1,2136,10041,183,466337,96582,23164,7773,2835,2264,50246,1679,94264,971,NA,8629,35,337,NA,2230,NA,2028,882,1171,1451,17,NA,NA,5355,3694,8710,95,5381,310,NA,295,904,698,27,40967,NA,22,1013,NA,12,12275,7960,21866,633,5,10102,11735,139,83,2477,1885,3444,47936,5,NA,3638,1128,584,84,48198,NA,1196,2037,2009,10516,27801,29872,8926,2446,56,26496,NA,355,18640,NA,2943,5,51,92,5,83,117,16,64,4312,3217,NA,NA,43,2258,1742,NA,NA,125,2952,18322,31068,10480,12122,306,366,7574,5503,4873,NA,29017,NA,518,1608,2,66,867,4376,29634,NA,6,6,7241,NA,109,53425,10684,191954,39,2603,221351,NA,68,8151,36976,9,39,5317,10372,3229,4006
1963,10261,1765,11421,22,16,5242,6,57,21633,NA,57,10904,7172,NA,127,177,54474,233,NA,NA,9655,101,2522,47,245,3587,NA,564,79642,8,91,8076,5112,3099,5836,5776,18965,227,9,1586,3151,8254,700286,17496,204,1096,19,1482,4085,NA,7609,578,NA,13889,11735,16612,4685,102,63,3654,4848,30182,3048,261,NA,NA,NA,25771,2,36,436,4522,47572,36,87,495,396,NA,74724,7400,23,8471,36,93,292,72,4512,3701,598,607,4105,1,2208,10074,186,476025,99018,23776,7992,2847,2356,50648,1707,95228,1009,NA,8908,36,384,NA,2283,NA,2088,899,1200,1505,18,NA,NA,5487,3784,8999,98,5451,309,NA,301,930,717,28,42264,NA,23,1044,NA,12,12611,8125,22337,649,5,10294,11895,142,86,2531,1942,3547,48993,5,NA,3665,1159,599,86,49414,NA,1231,2076,2063,10825,28727,30317,8934,2495,61,27144,NA,366,18745,NA,3033,5,51,94,5,84,120,17,64,4464,3307,NA,NA,44,2295,1791,NA,NA,129,3022,18810,31415,10718,12414,315,374,7623,5618,5034,NA,29914,NA,527,1625,2,69,875,4457,30374,NA,6,7,7488,NA,122,53802,11005,194593,42,2635,224748,NA,70,8454,37927,9,42,5422,10462,3328,4141
1964,10475,1817,11655,23,17,5337,6,59,21966,NA,57,11123,7221,NA,134,182,56071,234,NA,NA,9714,104,2561,48,251,3669,NA,580,82022,9,95,8141,5195,3154,5984,5909,19309,234,9,1617,3219,8457,712102,18020,208,1127,19,1532,4251,NA,7778,579,NA,13964,12012,17065,4722,109,64,3773,4995,30970,3146,265,NA,NA,NA,26424,2,36,450,4546,48194,38,90,498,402,NA,75363,7611,23,8510,38,94,296,74,4636,3760,598,624,4188,1,2280,10108,189,486039,101539,24409,8228,2861,2443,51055,1735,96254,1060,NA,9200,37,433,NA,2336,NA,2147,916,1230,1562,18,NA,NA,5623,3878,9287,100,5522,307,NA,307,956,736,29,43575,NA,23,1077,NA,12,12959,8297,22824,665,6,10496,12055,144,89,2582,2001,3655,50080,5,NA,3694,1182,614,89,50679,NA,1268,2117,2119,11143,29664,30741,8926,2542,67,27773,NA,378,18870,NA,3125,5,50,95,5,85,124,17,64,4622,3403,NA,NA,45,2334,1836,NA,NA,133,3095,19308,31765,10962,12713,323,382,7677,5729,5203,NA,30839,NA,537,1654,2,72,883,4541,31110,NA,6,7,7747,NA,134,54170,11339,197095,46,2665,227959,NA,72,8760,38899,9,46,5528,10549,3431,4280
1965,10698,1870,11923,23,19,5431,6,60,22297,NA,57,11360,7268,NA,140,186,57792,235,NA,NA,9767,107,2602,49,259,3753,NA,596,84389,9,100,8204,5284,3213,6141,6049,19678,240,9,1649,3289,8656,726753,18556,212,1158,19,1582,4424,NA,7942,581,NA,14031,12323,17543,4759,117,65,3893,5146,31771,3245,269,NA,NA,NA,27100,2,36,464,4564,48755,39,93,502,409,NA,75964,7808,23,8551,39,95,301,76,4763,3823,598,640,4273,1,2349,10141,192,496400,104147,25064,8483,2875,2523,51454,1760,97343,1129,NA,9505,38,484,NA,2391,NA,2204,934,1262,1623,19,NA,NA,5764,3975,9569,103,5597,306,NA,311,984,753,30,44898,NA,23,1109,NA,12,13323,8474,23330,683,6,10707,12213,146,91,2628,2062,3766,51196,5,NA,3723,1191,631,91,51993,NA,1306,2161,2176,11467,30606,31122,8900,2582,73,28395,NA,391,19032,NA,3221,5,49,97,5,86,127,17,65,4787,3505,NA,NA,47,2373,1880,NA,NA,137,3171,19814,32109,11215,13021,332,392,7734,5830,5378,NA,31793,NA,548,1700,2,74,894,4630,31838,NA,6,7,8014,NA,146,54516,11683,199453,50,2694,230926,NA,74,9067,39885,9,51,5632,10630,3537,4422
1966,10928,1923,12230,24,20,5524,6,61,22622,NA,58,11618,7313,NA,146,191,59681,236,NA,NA,9813,110,2646,50,266,3840,NA,613,86735,9,104,8266,5379,3275,6310,6194,20078,247,9,1683,3358,8849,744571,19104,217,1190,19,1632,4602,NA,8100,585,NA,14089,12672,18048,4795,125,66,4015,5302,32587,3343,275,NA,NA,NA,27791,2,37,476,4576,49239,41,96,506,417,NA,76519,7987,24,8597,41,95,305,78,4893,3891,596,658,4359,1,2417,10174,195,507115,106840,25743,8759,2887,2592,51839,1783,98496,1221,NA,9822,39,536,NA,2447,NA,2257,952,1294,1689,19,NA,NA,5910,4075,9844,105,5676,305,NA,316,1012,769,32,46230,NA,23,1142,NA,12,13703,8657,23855,700,6,10929,12369,149,94,2669,2125,3880,52342,5,NA,3753,1184,648,94,53359,NA,1345,2208,2235,11796,31551,31453,8851,2614,79,29009,NA,405,19237,NA,3319,5,48,98,5,87,130,18,66,4958,3612,NA,NA,48,2415,1921,NA,NA,141,3255,20325,32443,11477,13338,342,401,7796,5917,5561,NA,32772,NA,558,1763,2,77,907,4723,32556,NA,6,7,8291,NA,157,54834,12038,201657,53,2722,233615,NA,76,9376,40881,9,57,5737,10702,3647,4568
1967,11164,1976,12573,25,21,5617,6,62,22945,NA,58,11892,7355,NA,153,195,61703,236,NA,NA,9854,113,2693,50,274,3929,NA,631,89068,9,109,8325,5479,3341,6486,6345,20502,253,9,1719,3428,9037,765133,19663,222,1224,20,1680,4789,NA,8252,591,NA,14140,13048,18579,4830,133,68,4138,5463,33416,3441,282,NA,NA,NA,28498,2,37,488,4583,49655,43,100,510,426,NA,77027,8150,24,8646,42,95,309,80,5026,3963,595,676,4447,1,2483,10207,197,518192,109613,26448,9055,2900,2653,52215,1804,99713,1331,NA,10154,40,588,NA,2504,NA,2307,972,1329,1759,20,NA,NA,6061,4178,10112,108,5758,304,NA,319,1041,785,33,47572,NA,23,1176,NA,12,14098,8847,24397,719,6,11161,12521,152,96,2704,2190,3998,53524,5,NA,3785,1165,666,97,54780,NA,1385,2259,2296,12131,32502,31745,8787,2639,86,29610,NA,421,19480,NA,3421,5,47,100,5,88,134,18,68,5137,3725,NA,NA,49,2457,1961,NA,NA,146,3348,20844,32771,11746,13665,351,411,7863,5992,5752,NA,33774,NA,568,1843,2,79,923,4822,33268,NA,6,7,8576,NA,167,55124,12405,203718,55,2749,236055,NA,79,9686,41884,9,63,5843,10768,3762,4719
1968,11411,2029,12945,26,22,5713,6,63,23273,NA,58,12176,7395,NA,159,200,63703,237,NA,NA,9891,116,2742,51,282,4022,NA,651,91395,9,114,8381,5585,3407,6657,6504,20932,260,9,1755,3500,9220,787581,20226,227,1259,21,1728,4984,NA,8401,599,NA,14188,13444,19130,4864,142,69,4262,5629,34253,3538,289,NA,NA,NA,29229,2,38,499,4588,50027,45,103,515,436,NA,77478,8311,24,8697,44,95,313,82,5162,4035,594,693,4535,1,2549,10242,199,529658,112461,27174,9367,2915,2711,52584,1824,100991,1450,NA,10502,42,642,NA,2563,NA,2355,992,1364,1834,20,NA,NA,6217,4288,10376,110,5844,304,NA,322,1071,799,34,48944,NA,23,1210,NA,12,14503,9043,24961,738,6,11403,12671,155,99,2738,2257,4119,54748,5,NA,3816,1141,686,100,56258,NA,1426,2313,2358,12474,33464,32009,8723,2662,92,30209,NA,437,19745,NA,3526,5,46,101,5,89,137,19,70,5329,3844,NA,NA,50,2502,1999,NA,NA,150,3442,21375,33098,12019,14009,360,422,7929,6056,5950,NA,34799,NA,579,1931,2,81,939,4923,33982,NA,6,7,8867,NA,181,55386,12787,205672,58,2774,238324,NA,81,10003,42893,9,69,5948,10831,3881,4874
1969,11677,2082,13339,27,23,5815,6,65,23617,NA,59,12457,7432,NA,164,205,65474,238,NA,NA,9927,119,2794,51,292,4117,NA,671,93728,10,119,8436,5694,3465,6812,6669,21343,267,9,1792,3575,9400,810661,20783,233,1296,21,1775,5193,NA,8551,606,NA,14239,13847,19694,4897,152,70,4386,5798,35090,3637,292,NA,NA,NA,29996,2,38,510,4595,50388,47,107,521,446,NA,77861,8484,24,8747,45,95,317,84,5303,4100,596,708,4623,1,2617,10278,202,541545,115379,27913,9691,2936,2775,52953,1845,102326,1565,NA,10868,43,697,NA,2625,NA,2407,1012,1401,1912,21,NA,NA,6379,4405,10641,113,5936,304,NA,324,1101,813,35,50370,NA,23,1245,NA,12,14908,9245,25549,758,6,11656,12816,157,102,2776,2326,4244,56024,5,NA,3847,1125,708,104,57791,NA,1468,2371,2420,12825,34445,32265,8683,2686,100,30817,NA,451,20008,NA,3635,5,46,103,5,90,140,19,72,5539,3967,NA,NA,51,2547,2036,NA,NA,155,3528,21926,33436,12289,14374,368,434,7990,6115,6155,NA,35847,NA,591,2019,2,83,955,5025,34711,NA,6,7,9158,NA,201,55619,13186,207574,61,2794,240539,NA,83,10333,43909,9,74,6049,10898,4006,5036
1970,11965,2136,13746,27,24,5926,6,66,23983,NA,59,12728,7466,NA,169,212,66881,239,NA,NA,9964,122,2850,52,302,4217,NA,693,96078,10,125,8490,5807,3513,6938,6842,21717,274,10,1829,3656,9578,833391,21330,238,1335,21,1820,5416,NA,8702,614,NA,14298,14247,20267,4929,162,71,4512,5972,35923,3736,291,NA,NA,NA,30806,2,39,521,4606,50763,49,111,530,459,NA,78169,8682,25,8793,46,94,320,85,5448,4154,603,721,4710,1,2688,10315,204,553874,118362,28662,10022,2963,2850,53325,1869,103710,1667,NA,11252,44,753,NA,2691,NA,2464,1033,1440,1994,21,NA,NA,6549,4531,10909,116,6034,304,NA,326,1134,827,37,51868,NA,24,1282,NA,12,15310,9453,26164,780,6,11918,12959,159,105,2820,2398,4373,57357,5,NA,3877,1125,732,105,59383,NA,1510,2435,2483,13187,35451,32529,8684,2716,108,31443,NA,462,20253,NA,3749,5,45,104,5,90,142,19,74,5772,4096,NA,NA,52,2593,2074,NA,NA,160,3601,22502,33792,12555,14766,372,446,8043,6169,6368,NA,36915,NA,604,2097,2,84,968,5127,35464,NA,6,7,9446,NA,232,55823,13605,209464,64,2809,242786,NA,85,10681,44928,9,77,6145,10971,4139,5206
1971,12273,2189,14166,28,26,6048,6,67,24376,NA,59,12988,7498,NA,174,220,67849,240,NA,NA,10003,125,2909,52,313,4320,NA,716,98445,10,131,8541,5924,3550,7039,7022,22048,283,10,1865,3743,9753,855590,21862,243,1376,22,1865,5655,NA,8856,621,NA,14366,14643,20845,4959,172,72,4638,6151,36751,3837,285,NA,NA,NA,31674,2,39,532,4623,51162,50,115,540,472,NA,78398,8911,25,8834,47,94,323,87,5598,4196,614,730,4794,1,2763,10354,207,566651,121406,29421,10358,2998,2937,53700,1896,105146,1753,NA,11657,45,811,NA,2763,NA,2528,1054,1480,2080,22,NA,NA,6726,4668,11183,119,6138,303,NA,327,1167,840,38,53442,NA,24,1320,NA,12,15706,9666,26808,804,7,12190,13097,161,109,2872,2472,4505,58745,5,NA,3906,1144,758,109,61034,NA,1552,2503,2544,13560,36485,32803,8732,2752,118,32094,NA,470,20473,NA,3867,5,44,105,6,91,145,19,75,6029,4231,NA,NA,53,2640,2113,NA,NA,166,3647,23107,34166,12812,15186,374,459,8085,6221,6589,NA,38004,NA,620,2165,2,86,978,5227,36246,NA,6,7,9730,NA,273,56000,14044,211356,68,2818,245096,NA,88,11046,45958,9,76,6235,11053,4279,5385
1972,12594,2242,14601,28,27,6180,7,67,24792,NA,60,13237,7526,NA,178,228,68462,241,NA,NA,10043,127,2972,53,325,4426,NA,740,100829,10,137,8591,6044,3577,7118,7210,22344,292,11,1901,3835,9926,877330,22382,249,1419,21,1909,5910,NA,9011,628,NA,14441,15035,21431,4988,182,72,4764,6333,37577,3938,275,NA,NA,NA,32589,2,39,543,4644,51573,52,118,552,488,NA,78550,9168,25,8871,48,94,325,89,5752,4228,629,736,4878,1,2842,10394,210,579871,124508,30198,10700,3039,3034,54074,1925,106620,1825,NA,12083,46,870,NA,2839,NA,2598,1076,1522,2170,22,NA,NA,6909,4814,11461,123,6249,303,NA,328,1201,853,40,55081,NA,24,1359,NA,12,16099,9882,27476,830,7,12472,13231,163,114,2931,2549,4641,60192,5,NA,3935,1180,787,110,62751,NA,1595,2576,2606,13942,37546,33084,8821,2794,129,32767,NA,476,20675,NA,3989,5,44,106,6,92,146,19,77,6311,4371,NA,NA,54,2689,2153,NA,NA,172,3674,23736,34553,13064,15635,373,472,8118,6270,6818,NA,39110,NA,638,2225,2,86,986,5327,37054,NA,6,7,10012,NA,323,56147,14505,213250,73,2821,247450,NA,91,11428,46995,9,73,6323,11140,4426,5573
1973,12915,2295,15052,29,28,6322,7,68,25222,NA,60,13472,7551,NA,181,238,68933,243,NA,NA,10082,130,3038,53,337,4536,NA,765,103242,10,144,8638,6169,3602,7162,7408,22615,301,11,1937,3929,10095,898192,22898,255,1463,21,1953,6180,NA,9161,635,NA,14524,15411,22033,5015,193,72,4892,6520,38409,4038,262,NA,NA,NA,33502,2,40,554,4669,51980,54,122,565,504,NA,78636,9436,25,8912,49,94,327,91,5910,4252,648,740,4962,1,2924,10434,213,593527,127662,31006,11050,3085,3137,54438,1955,108089,1888,NA,12530,47,931,NA,2915,NA,2665,1099,1565,2264,23,NA,NA,7100,4969,11743,127,6365,303,NA,329,1237,866,42,56772,NA,25,1400,NA,12,16493,10109,28161,856,7,12764,13361,164,119,2990,2628,4780,61720,4,NA,3961,1227,819,112,64552,NA,1639,2653,2669,14334,38634,33374,8939,2840,141,33443,NA,479,20864,NA,4116,5,44,107,6,94,148,19,78,6623,4513,NA,NA,55,2738,2192,NA,NA,179,3725,24384,34949,13311,16111,370,487,8144,6311,7054,NA,40219,NA,653,2278,2,87,992,5430,37885,NA,6,8,10296,NA,383,56265,14983,215165,77,2821,249822,NA,94,11828,48015,9,70,6420,11234,4580,5768
1974,13224,2348,15524,29,30,6475,7,69,25654,NA,61,13690,7568,NA,185,251,69568,244,NA,NA,10118,132,3108,54,350,4647,NA,792,105703,10,150,8681,6299,3634,7158,7617,22877,308,12,1976,4023,10260,917747,23422,262,1509,21,1999,6466,NA,9299,642,NA,14614,15760,22659,5039,207,72,5019,6711,39258,4136,250,NA,NA,NA,34344,2,40,565,4692,52359,55,126,580,521,NA,78672,9692,25,8969,49,93,328,93,6069,4271,670,744,5049,1,3011,10476,215,607607,130863,31866,11410,3134,3240,54781,1985,109499,1945,NA,12997,48,992,NA,2984,NA,2723,1123,1610,2363,23,NA,NA,7298,5132,12027,132,6484,304,NA,329,1274,879,43,58492,NA,25,1441,NA,12,16894,10354,28850,882,7,13064,13484,165,124,3043,2710,4923,63364,4,NA,3985,1277,856,114,66457,NA,1682,2731,2734,14735,39749,33670,9071,2889,152,34100,NA,482,21051,NA,4250,5,44,108,6,95,149,20,80,6966,4652,NA,NA,57,2791,2229,NA,NA,186,3861,25041,35346,13559,16611,367,502,8168,6341,7297,NA,41319,NA,663,2329,2,88,1000,5542,38730,NA,6,8,10590,NA,454,56356,15475,217114,82,2823,252164,NA,97,12245,48988,9,70,6539,11330,4738,5968
1975,13506,2401,16018,30,31,6637,7,69,26079,NA,61,13890,7578,NA,189,265,70582,246,NA,NA,10147,134,3182,54,364,4761,NA,822,108224,10,157,8721,6435,3680,7098,7838,23142,311,13,2017,4114,10419,935725,23961,270,1555,20,2049,6768,NA,9421,650,NA,14711,16072,23317,5060,224,72,5147,6908,40132,4231,238,NA,NA,NA,35074,2,40,577,4711,52692,57,130,595,538,NA,78674,9923,25,9047,50,92,329,95,6228,4287,694,749,5141,1,3103,10520,218,622097,134106,32793,11784,3184,3337,55096,2012,110808,2001,NA,13486,48,1054,NA,3042,NA,2765,1150,1658,2466,23,NA,NA,7502,5302,12313,136,6604,306,NA,329,1312,892,45,60225,NA,25,1483,NA,12,17305,10620,29534,906,7,13373,13600,166,129,3083,2794,5071,65141,4,NA,4007,1322,898,116,68483,NA,1727,2810,2802,15144,40893,33972,9203,2939,163,34722,NA,485,21245,NA,4390,5,44,109,6,96,150,20,82,7345,4786,NA,NA,58,2845,2262,NA,NA,193,4118,25699,35739,13811,17132,364,517,8193,6356,7546,NA,42399,NA,663,2380,2,88,1009,5668,39586,NA,7,8,10897,NA,534,56422,15978,219108,86,2829,254443,NA,100,12681,49896,9,75,6691,11428,4900,6170
1976,13767,2454,16533,30,32,6809,7,70,26493,NA,61,14068,7581,NA,193,282,72054,247,NA,NA,10170,135,3260,55,377,4877,NA,854,110805,11,163,8755,6578,3742,6973,8073,23416,311,14,2061,4201,10572,951889,24517,280,1601,20,2102,7086,NA,9525,658,NA,14816,16341,24011,5079,245,73,5275,7109,41033,4323,229,NA,NA,NA,35667,2,41,588,4727,52974,59,134,611,555,NA,78649,10119,26,9150,50,91,328,97,6386,4300,721,755,5238,1,3199,10567,220,636993,137382,33789,12171,3234,3428,55377,2037,111996,2055,NA,13996,50,1116,NA,3087,NA,2789,1179,1707,2572,24,NA,NA,7714,5481,12600,140,6726,309,NA,328,1351,907,47,61969,NA,25,1524,NA,12,17727,10909,30211,928,7,13691,13711,168,132,3109,2881,5224,67067,4,NA,4027,1362,946,118,70632,NA,1771,2888,2873,15562,42064,34280,9334,2991,172,35299,NA,489,21447,NA,4536,5,44,111,6,97,152,20,84,7756,4912,NA,NA,59,2903,2292,NA,NA,200,4521,26354,36124,14067,17673,363,533,8219,6355,7800,NA,43453,NA,652,2430,2,89,1019,5807,40447,NA,7,8,11221,NA,624,56462,16491,221161,89,2841,256653,NA,103,13136,50724,9,85,6881,11527,5066,6374
1977,14003,2508,17068,31,33,6990,7,70,26899,NA,60,14228,7576,NA,197,302,73916,247,NA,NA,10187,137,3342,55,391,4995,NA,888,113442,11,170,8784,6726,3819,6796,8321,23695,308,14,2108,4286,10720,966366,25090,292,1649,19,2158,7419,NA,9614,666,NA,14927,16573,24740,5095,270,73,5403,7315,41962,4412,220,NA,NA,NA,36155,2,41,598,4739,53215,61,138,628,572,NA,78600,10291,26,9274,50,90,327,100,6544,4312,751,762,5341,1,3301,10614,222,652279,140688,34854,12569,3284,3514,55628,2059,113071,2109,NA,14527,51,1179,NA,3121,NA,2796,1209,1756,2682,24,NA,NA,7933,5670,12892,144,6849,313,NA,327,1391,922,49,63723,NA,25,1565,NA,12,18158,11215,30880,950,7,14017,13815,169,135,3123,2969,5381,69127,4,NA,4043,1399,998,120,72904,NA,1817,2968,2947,15988,43265,34593,9464,3044,181,35841,NA,493,21653,NA,4689,5,44,112,6,98,153,20,87,8201,5034,NA,NA,60,2964,2318,NA,NA,207,5043,27010,36502,14326,18233,363,550,8246,6341,8060,NA,44484,NA,632,2480,2,90,1032,5958,41316,NA,7,8,11562,NA,725,56481,17017,223275,92,2856,258817,NA,106,13608,51491,10,101,7105,11628,5236,6581
1978,14180,2562,17625,31,34,7185,7,71,27303,NA,60,14380,7566,NA,201,322,76066,248,NA,NA,10200,139,3427,55,404,5114,NA,923,116139,11,176,8810,6881,3910,6619,8578,23976,304,15,2159,4371,10867,979734,25675,304,1697,19,2217,7767,NA,9689,673,NA,15037,16784,25493,5108,296,74,5532,7526,42922,4498,215,NA,NA,NA,36618,2,42,609,4750,53431,63,142,645,590,NA,78527,10461,26,9408,50,89,326,102,6704,4329,781,770,5449,1,3407,10657,224,667917,144027,35999,12971,3333,3595,55849,2081,114058,2164,NA,15082,52,1243,NA,3151,NA,2794,1242,1807,2798,24,NA,NA,8157,5864,13191,148,6974,317,NA,326,1432,937,51,65461,NA,26,1607,NA,12,18605,11530,31544,971,7,14351,13913,170,138,3129,3059,5542,71270,4,NA,4058,1434,1055,123,75303,NA,1862,3048,3025,16419,44498,34914,9586,3098,190,36365,NA,497,21854,NA,4848,5,44,114,6,99,154,21,90,8685,5154,NA,NA,61,3027,2344,NA,NA,214,5604,27674,36863,14584,18815,364,568,8273,6321,8329,NA,45494,NA,609,2534,2,91,1046,6120,42206,NA,7,8,11917,NA,828,56486,17555,225436,94,2875,260970,NA,109,14089,52250,10,119,7361,11728,5410,6798
1979,14249,2617,18205,32,36,7400,7,71,27712,NA,60,14537,7557,NA,206,341,78343,248,NA,NA,10208,141,3517,56,418,5234,NA,960,118896,11,183,8836,7043,4014,6506,8842,24251,301,16,2213,4459,11019,992827,26271,317,1747,18,2279,8128,NA,9754,680,NA,15138,17000,26256,5118,320,75,5662,7740,43918,4579,215,NA,NA,NA,37171,2,42,622,4763,53647,65,147,663,609,NA,78422,10664,26,9535,50,89,325,104,6867,4359,809,775,5565,1,3516,10686,226,683857,147404,37237,13365,3378,3672,56046,2105,114996,2226,NA,15662,53,1309,NA,3187,NA,2791,1275,1862,2924,25,NA,NA,8383,6055,13504,152,7106,322,NA,326,1475,951,53,67153,NA,26,1650,NA,12,19073,11843,32204,991,7,14694,14004,172,140,3136,3151,5706,73425,4,NA,4072,1470,1116,128,77833,NA,1908,3130,3107,16853,45763,35242,9695,3149,203,36898,NA,503,22040,NA,5011,5,43,116,6,100,154,21,92,9217,5279,NA,NA,62,3093,2375,NA,NA,222,6094,28361,37196,14838,19427,365,585,8295,6306,8610,NA,46492,NA,590,2595,2,92,1061,6287,43133,NA,7,8,12284,NA,927,56489,18111,227624,96,2895,263162,NA,113,14568,53077,11,136,7642,11825,5589,7032
1980,14186,2671,18811,33,37,7638,7,70,28131,NA,60,14710,7549,NA,211,358,80624,249,NA,NA,10211,144,3611,56,431,5353,NA,996,121712,11,189,8862,7212,4130,6506,9110,24516,300,17,2274,4554,11179,1006281,26875,329,1798,18,2343,8501,NA,9812,686,NA,15223,17239,27019,5123,340,75,5794,7958,44952,4656,221,NA,NA,NA,37895,2,43,635,4779,53880,68,151,683,630,NA,78289,10923,27,9643,50,89,327,107,7036,4407,835,777,5688,1,3628,10699,228,700059,150820,38577,13744,3418,3746,56221,2132,115915,2299,NA,16268,55,1377,NA,3235,NA,2795,1310,1923,3063,25,NA,NA,8609,6240,13833,157,7246,327,NA,326,1518,964,55,68776,NA,26,1693,NA,12,19567,12146,32865,1013,7,15045,14088,173,142,3147,3242,5871,75543,3,NA,4086,1510,1181,133,80493,NA,1953,3215,3195,17287,47064,35577,9786,3196,222,37460,NA,510,22201,NA,5179,5,43,118,6,100,155,21,95,9801,5414,NA,NA,63,3162,2415,NA,NA,229,6436,29077,37495,15083,20071,366,603,8310,6303,8907,NA,47483,NA,581,2667,2,93,1078,6457,44105,NA,8,8,12662,NA,1016,56496,18686,229825,98,2915,265426,NA,116,15036,54023,11,150,7945,11917,5775,7289
1981,13984,2725,19442,34,39,7903,7,70,28562,NA,61,14902,7544,NA,215,372,82884,250,NA,NA,10211,147,3709,56,443,5471,NA,1033,124588,11,195,8888,7388,4257,6637,9379,24770,303,18,2340,4656,11348,1020199,27486,341,1852,17,2409,8886,NA,9862,689,NA,15291,17508,27781,5125,354,75,5928,8179,46025,4729,233,NA,NA,NA,38820,2,43,651,4801,54136,71,156,703,653,NA,78124,11246,27,9728,51,91,330,109,7212,4477,856,776,5819,1,3742,10691,231,716493,154275,40012,14107,3453,3816,56376,2165,116824,2383,NA,16900,56,1446,NA,3297,NA,2807,1345,1989,3216,26,NA,NA,8834,6409,14179,162,7395,331,NA,328,1562,976,58,70318,NA,26,1737,NA,12,20088,12442,33524,1035,8,15405,14166,175,145,3165,3334,6038,77604,3,NA,4099,1555,1250,138,83280,NA,1998,3304,3288,17720,48399,35921,9856,3239,246,38055,NA,518,22334,NA,5343,5,43,119,6,101,155,22,97,10441,5559,NA,NA,64,3231,2463,NA,NA,237,6598,29829,37757,15318,20751,367,621,8319,6316,9220,NA,48460,NA,584,2751,2,93,1097,6628,45130,NA,8,8,13049,NA,1092,56511,19281,232035,100,2934,267752,NA,119,15491,55109,12,161,8271,12000,5968,7571
1982,13673,2778,20096,35,41,8192,7,69,29001,NA,61,15110,7543,NA,220,384,85156,251,NA,NA,10206,152,3811,57,454,5589,NA,1070,127515,12,201,8915,7572,4396,6884,9652,25016,308,18,2411,4765,11527,1034493,28104,352,1907,17,2478,9282,NA,9906,692,NA,15342,17802,28551,5123,364,75,6065,8403,47134,4799,251,NA,NA,NA,39922,2,44,668,4826,54409,74,160,724,678,NA,77945,11625,27,9795,51,93,335,111,7393,4570,874,772,5958,1,3859,10665,233,733152,157758,41533,14458,3482,3885,56510,2200,117711,2480,NA,17557,58,1514,NA,3372,NA,2828,1382,2059,3381,26,NA,NA,9060,6567,14542,168,7552,336,NA,330,1608,987,61,71789,NA,27,1781,NA,12,20633,12731,34180,1057,8,15775,14239,176,147,3189,3427,6208,79624,3,NA,4112,1602,1322,145,86187,NA,2043,3396,3386,18152,49767,36269,9906,3278,275,38674,NA,528,22440,NA,5503,6,43,121,6,102,156,22,99,11127,5715,NA,NA,65,3301,2520,NA,NA,245,6608,30611,37984,15544,21460,368,639,8323,6341,9548,NA,49423,NA,597,2846,2,94,1117,6801,46198,NA,8,8,13448,NA,1157,56536,19897,234261,102,2953,270122,NA,121,15933,56317,12,168,8620,12073,6166,7875
1983,13300,2832,20763,36,44,8492,7,68,29448,NA,62,15333,7545,NA,225,394,87460,252,NA,NA,10202,156,3918,57,465,5709,NA,1107,130459,12,207,8938,7764,4542,7212,9930,25267,315,19,2485,4883,11714,1049366,28729,364,1964,18,2548,9684,NA,9949,694,NA,15380,18111,29341,5119,372,75,6203,8630,48277,4866,272,NA,NA,NA,41169,2,44,685,4853,54696,78,165,746,705,NA,77784,12040,27,9848,52,96,341,114,7579,4680,890,765,6102,1,3978,10627,236,750034,161246,43131,14799,3506,3951,56622,2237,118554,2585,NA,18238,59,1584,NA,3458,NA,2852,1418,2126,3549,26,NA,NA,9290,6741,14926,174,7712,341,NA,333,1654,996,64,73223,NA,27,1827,NA,12,21191,12993,34833,1082,8,16153,14308,178,150,3216,3519,6382,81636,3,NA,4125,1653,1395,153,89200,NA,2089,3489,3488,18585,51167,36609,9937,3314,307,39304,NA,538,22531,NA,5669,6,43,122,6,103,156,22,100,11837,5879,NA,NA,65,3374,2583,NA,NA,253,6521,31410,38177,15765,22180,370,659,8326,6377,9887,NA,50380,NA,617,2949,2,94,1138,6975,47286,NA,9,8,13866,NA,1217,56575,20532,236511,103,2972,272540,NA,124,16370,57617,13,173,8988,12143,6369,8194
1984,12932,2891,21433,38,46,8787,7,67,29900,NA,63,15568,7551,NA,230,405,89828,253,NA,NA,10201,161,4028,57,477,5831,NA,1144,133380,13,213,8954,7963,4695,7570,10218,25539,323,19,2558,5011,11908,1065010,29360,375,2022,18,2619,10090,NA,10002,698,NA,15413,18421,30168,5115,384,74,6342,8859,49453,4931,294,NA,NA,NA,42503,2,45,700,4879,54989,83,170,770,735,NA,77687,12462,27,9893,53,98,348,117,7766,4799,906,758,6249,1,4100,10584,239,767147,164707,44791,15138,3523,4017,56710,2270,119321,2694,NA,18938,61,1660,NA,3551,NA,2872,1453,2179,3708,27,NA,NA,9530,6967,15332,180,7867,345,NA,337,1701,1006,67,74673,NA,28,1875,NA,11,21747,13199,35482,1113,8,16540,14379,180,152,3244,3609,6560,83692,3,NA,4138,1706,1468,160,92300,NA,2134,3584,3592,19021,52596,36924,9955,3347,338,39921,NA,549,22622,NA,5859,6,42,124,6,104,156,23,102,12542,6052,NA,NA,66,3453,2647,NA,NA,261,6420,32205,38340,15986,22880,372,680,8333,6416,10231,NA,51346,NA,640,3055,2,94,1157,7151,48361,NA,9,9,14315,NA,1279,56633,21183,238794,104,2991,275015,NA,127,16813,58959,13,178,9369,12219,6575,8523
1985,12625,2957,22098,39,47,9066,7,66,30354,NA,63,15812,7560,NA,235,417,92284,254,NA,NA,10207,166,4140,58,490,5957,NA,1183,136247,13,219,8960,8170,4851,7920,10519,25843,328,20,2627,5151,12107,1081516,29994,386,2081,18,2692,10495,NA,10069,704,NA,15443,18721,31044,5114,403,74,6482,9091,50660,4996,313,NA,NA,NA,43884,2,45,712,4902,55281,87,174,794,768,NA,77685,12872,27,9934,53,100,355,119,7955,4924,922,752,6395,1,4226,10543,241,784491,168119,46497,15477,3534,4083,56772,2297,119991,2803,NA,19655,63,1742,NA,3648,NA,2885,1487,2212,3850,27,NA,NA,9785,7268,15763,187,8010,349,NA,341,1748,1014,71,76175,NA,29,1926,NA,11,22291,13335,36128,1150,8,16936,14453,182,155,3269,3697,6744,85829,3,NA,4153,1760,1539,168,95470,NA,2180,3678,3698,19460,54053,37202,9962,3379,368,40510,NA,560,22725,NA,6081,6,42,126,6,104,157,23,104,13220,6232,NA,NA,67,3541,2709,NA,NA,269,6364,32983,38476,16210,23543,376,706,8350,6455,10577,NA,52329,NA,660,3161,2,94,1173,7330,49400,NA,10,9,14801,NA,1349,56715,21848,241120,105,3011,277535,NA,130,17269,60307,14,184,9758,12304,6785,8855
1986,12372,3033,22754,41,49,9323,7,65,30811,NA,63,16066,7571,NA,239,431,94825,256,NA,NA,10221,171,4255,58,506,6088,NA,1222,139049,14,225,8957,8384,5008,8250,10833,26183,333,21,2690,5304,12311,1099041,30631,396,2141,18,2766,10896,NA,10155,712,NA,15471,19006,31964,5114,430,73,6623,9324,51900,5060,328,NA,NA,NA,45302,2,46,719,4921,55575,93,178,819,805,NA,77783,13262,27,9973,54,100,362,122,8143,5046,939,745,6541,1,4354,10503,244,802052,171472,48257,15818,3539,4149,56809,2317,120553,2910,NA,20388,64,1836,NA,3749,NA,2888,1519,2221,3971,28,NA,NA,10055,7661,16220,193,8139,353,NA,345,1795,1023,75,77741,NA,29,1981,NA,11,22819,13384,36770,1195,8,17341,14532,184,157,3291,3781,6934,88057,3,NA,4168,1815,1605,175,98711,NA,2226,3771,3806,19904,55537,37438,9959,3410,395,41067,NA,570,22845,NA,6356,6,42,128,6,105,158,23,106,13862,6420,NA,NA,68,3640,2767,NA,NA,277,6372,33734,38586,16439,24158,381,735,8377,6493,10922,NA,53340,NA,677,3267,2,94,1185,7511,50394,NA,10,9,15328,NA,1429,56823,22525,243496,105,3030,280114,NA,133,17740,61648,14,190,10149,12407,6998,9189
1987,12183,3116,23398,42,50,9563,7,64,31270,NA,62,16330,7585,NA,243,446,97429,257,NA,NA,10242,175,4371,59,524,6224,NA,1261,141791,15,232,8943,8607,5166,8571,11159,26555,336,22,2750,5470,12519,1117454,31271,407,2201,18,2841,11295,NA,10257,723,NA,15498,19282,32927,5117,464,72,6765,9558,53166,5124,341,NA,NA,NA,46770,2,47,722,4937,55871,99,183,845,846,NA,77975,13639,27,10007,54,99,369,125,8333,5170,958,739,6686,1,4485,10464,247,819800,174767,50053,16164,3537,4216,56823,2331,121024,3017,NA,21134,66,1937,NA,3854,NA,2885,1550,2213,4074,28,NA,NA,10340,8128,16702,200,8259,357,NA,349,1843,1031,79,79359,NA,30,2039,NA,11,23331,13365,37409,1248,9,17757,14614,186,160,3311,3863,7131,90364,3,NA,4185,1873,1669,182,102012,NA,2272,3865,3914,20350,57047,37635,9946,3439,420,41594,NA,580,22976,NA,6672,6,41,131,6,106,158,23,108,14469,6616,NA,NA,69,3747,2823,NA,NA,285,6427,34464,38673,16670,24736,387,768,8413,6531,11267,NA,54369,NA,692,3373,2,94,1194,7692,51349,NA,10,9,15891,NA,1517,56957,23215,245921,104,3049,282709,NA,136,18223,62987,14,198,10545,12522,7214,9523
1988,12157,3195,24035,44,50,9800,8,63,31729,NA,61,16596,7605,NA,247,462,100062,258,NA,NA,10269,180,4494,59,541,6363,NA,1301,144470,15,238,8918,8838,5321,8886,11494,26943,339,23,2808,5646,12733,1136176,31913,417,2262,18,2917,11694,NA,10367,737,NA,15523,19557,33965,5122,501,72,6907,9793,54434,5190,352,NA,NA,NA,48287,2,47,723,4952,56163,105,187,872,887,NA,78260,14011,27,10045,55,98,375,128,8525,5315,977,733,6831,1,4618,10429,250,837700,178007,51811,16528,3533,4292,56825,2342,121435,3130,NA,21894,68,2028,NA,3963,NA,2885,1580,2190,4164,28,NA,NA,10640,8617,17200,207,8379,360,NA,353,1892,1039,83,81010,NA,30,2097,NA,11,23828,13336,38041,1304,9,18183,14702,188,163,3333,3944,7337,92731,2,NA,4202,1934,1731,189,105332,NA,2319,3960,4024,20798,58572,37798,9930,3468,442,42090,NA,590,23097,NA,6960,6,41,133,6,106,159,24,111,15046,6818,NA,NA,69,3850,2880,NA,NA,293,6505,35197,38745,16899,25297,394,802,8457,6571,11615,NA,55371,NA,707,3476,2,95,1201,7872,52278,NA,11,9,16482,NA,1611,57108,23929,248382,104,3068,285180,NA,139,18712,64333,14,205,10962,12623,7432,9852
1989,12415,3256,24668,46,51,10053,8,62,32187,NA,61,16854,7633,NA,252,478,102682,259,NA,NA,10299,185,4627,59,553,6508,NA,1342,147089,16,245,8877,9077,5467,9204,11835,27330,343,25,2869,5827,12956,1154413,32558,427,2325,18,2993,12101,NA,10474,751,NA,15547,19841,35118,5130,535,71,7050,10027,55667,5259,362,NA,NA,NA,49860,2,48,724,4968,56444,111,191,900,928,NA,78637,14393,27,10094,55,97,381,131,8721,5506,997,728,6977,1,4753,10400,252,855707,181198,53438,16927,3530,4384,56825,2352,121833,3260,NA,22665,70,2084,NA,4076,NA,2903,1609,2159,4249,29,NA,NA,10954,9051,17705,213,8513,364,NA,356,1943,1048,87,82666,NA,30,2149,NA,11,24311,13378,38662,1361,9,18624,14794,189,166,3361,4030,7555,95133,2,NA,4221,2003,1797,196,108621,NA,2367,4057,4134,21244,60102,37936,9921,3497,460,42552,NA,601,23180,NA,7125,6,41,136,6,107,160,24,114,15600,7027,NA,NA,70,3932,2944,NA,NA,301,6570,35966,38814,17123,25876,400,834,8506,6618,11966,NA,56285,NA,723,3574,2,95,1208,8047,53201,NA,11,9,17088,NA,1709,57267,24680,250858,103,3088,287342,NA,143,19201,65703,14,213,11425,12677,7647,10169
1990,13032,3289,25299,47,53,10335,8,62,32642,NA,62,17096,7671,NA,256,493,105256,260,NA,NA,10330,190,4773,60,559,6658,NA,1382,149650,16,252,8819,9324,5602,9532,12181,27701,348,26,2935,6011,13188,1171582,33203,438,2389,18,3070,12518,NA,10570,767,NA,15573,20143,36406,5141,562,71,7195,10261,56843,5333,374,NA,NA,NA,51492,2,48,728,4986,56708,117,195,929,966,NA,79098,14793,27,10161,56,96,386,134,8923,5759,1017,725,7125,1,4889,10376,255,873785,184346,54871,17374,3531,4500,56832,2365,122251,3416,NA,23447,72,2088,NA,4192,NA,2948,1639,2127,4334,29,NA,NA,11281,9381,18209,219,8673,368,NA,359,1996,1060,92,84307,NA,31,2193,NA,11,24781,13547,39268,1415,9,19081,14892,191,170,3398,4121,7788,97552,2,NA,4241,2081,1868,202,111845,NA,2416,4158,4244,21686,61629,38056,9925,3529,474,42980,NA,612,23207,NA,7110,6,41,138,6,107,161,24,116,16139,7242,NA,NA,71,3982,3017,NA,NA,310,6599,36794,38889,17337,26494,407,863,8559,6674,12324,NA,57072,NA,743,3666,2,95,1215,8215,54130,NA,12,9,17700,NA,1809,57425,25479,253339,103,3109,289067,NA,147,19685,67102,14,221,11948,12661,7860,10469
1991,14070,3292,25931,48,55,10654,9,63,33094,NA,65,17321,7720,NA,261,507,107769,260,NA,NA,10362,196,4934,60,556,6814,NA,1424,152147,17,259,8743,9580,5724,9868,12530,28052,356,27,3007,6198,13429,1187448,33850,449,2454,18,3147,12946,NA,10654,783,NA,15600,20466,37856,5155,582,71,7340,10493,57952,5413,387,NA,NA,NA,53179,2,47,735,5009,56956,122,199,960,1001,NA,79652,15216,27,10247,56,96,391,137,9131,6084,1037,723,7274,1,5027,10361,257,891910,187452,56072,17872,3538,4642,56856,2380,122703,3599,NA,24240,73,2031,NA,4312,NA,3026,1669,2091,4422,29,NA,NA,11621,9584,18708,226,8861,371,48,362,2050,1073,98,85924,99,31,2226,NA,11,25238,13867,39856,1465,9,19554,14995,191,174,3446,4219,8036,99986,2,47,4263,2169,1947,NA,114970,15,2466,4262,4354,22122,63147,38161,9946,3563,483,43373,NA,624,23170,NA,6871,5,41,140,6,108,163,24,119,16670,7462,NA,NA,72,3995,3099,NA,NA,318,6585,37691,38979,17543,27160,413,887,8617,6740,12690,NA,57712,NA,767,3748,2,95,1224,8376,55069,NA,12,9,18315,NA,1910,57581,26332,255807,104,3131,290305,NA,151,20163,68536,14,228,12540,12564,8068,10748
1992,15472,3267,26558,50,58,11003,9,64,33540,3450,68,17529,7778,7446,266,520,110226,261,10298,NA,10395,202,5108,60,546,6974,3931,1465,154582,17,267,8651,9845,5835,10206,12883,28386,365,29,3085,6388,13678,1202134,34497,460,2520,18,3225,13382,4588,10727,801,NA,15629,20804,39444,5172,594,71,7486,10725,59004,5498,400,NA,1528,NA,54914,2,46,744,5035,57190,126,203,991,1034,5346,80283,15656,27,10351,56,97,395,139,9345,6466,1059,724,7423,1,5165,10353,260,910065,190512,57068,18418,3549,4808,56895,2398,123178,3806,16431,25042,74,1924,4476,4435,2613,3131,1699,2054,4510,30,3690,NA,11975,9682,19204,232,9076,376,49,364,2108,1089,104,87523,101,32,2252,NA,11,25680,14318,40425,1513,10,20043,15103,192,178,3503,4323,8300,102445,2,49,4286,2265,2031,NA,118010,16,2517,4369,4465,22553,64659,38248,9982,3598,488,43729,4379,637,23078,148898,6453,5,41,142,6,108,164,25,121,17189,7687,NA,10461,73,3980,3191,NA,1944,328,6543,38642,39086,17741,27866,419,908,8679,6815,13063,5519,58226,1934,795,3823,2,95,1234,8528,56012,3882,13,9,18936,51638,2014,57738,27231,258276,104,3154,NA,21500,155,20635,69988,14,236,13190,NA,8272,11006
1993,17053,3225,27170,51,61,11372,9,65,33982,3370,73,17727,7840,7562,271,532,112645,262,10301,NA,10428,208,5291,61,534,7138,3677,1506,156986,18,274,8550,10119,5933,10539,13237,28705,375,30,3166,6583,13929,1215847,35146,471,2588,18,3303,13820,4629,10791,819,10320,NA,21145,41082,5191,604,71,7631,10953,60020,5584,414,3181,1497,53502,NA,2,45,755,5061,57412,131,207,1024,1065,5254,80926,16106,27,10464,56,98,398,141,9565,6872,1081,725,7573,1,5304,10348,262,928226,193526,57940,19008,3566,4986,56938,2418,123653,4019,16294,25846,75,1796,4507,4557,2571,3250,1730,2031,4599,30,3674,NA,12343,9722,19701,238,9313,380,50,366,2167,1106,110,89110,104,32,2271,NA,11,26108,14855,40986,1558,10,20546,15213,192,182,3565,4430,8579,104932,2,52,4309,2369,2113,NA,121030,16,2570,4480,4575,22980,66174,38316,10028,3634,491,44057,4374,649,22949,148946,5984,5,42,144,6,108,165,25,123,17680,7915,NA,10618,73,3947,3287,5336,1952,337,6498,39609,39203,17926,28606,424,926,8739,6891,13439,5608,58671,1944,821,3898,2,96,1244,8673,56960,3992,14,9,19562,51547,2122,57895,28152,260803,105,3177,NA,21991,160,21104,71417,14,243,13868,NA,8478,11245
1994,18554,3179,27751,52,63,11743,10,67,34420,3291,77,17922,7894,7670,275,545,115059,263,10293,NA,10459,214,5473,61,523,7304,3462,1546,159399,18,282,8450,10401,6017,10862,13590,29009,385,31,3247,6786,14175,1228945,35798,482,2659,18,3384,14254,4659,10848,837,10323,NA,21471,42650,5212,613,71,7775,11174,61032,5664,428,3186,1467,55281,NA,2,44,766,5086,57629,135,212,1056,1095,5158,81495,16555,27,10574,56,99,401,143,9788,7250,1103,727,7725,1,5441,10342,265,946373,196488,58809,19634,3587,5164,56965,2439,124098,4217,16120,26643,76,1688,4543,4678,2529,3365,1762,2040,4687,31,3652,NA,12728,9772,20205,243,9564,383,51,367,2228,1122,116,90691,106,33,2288,NA,11,26524,15409,41553,1604,10,21064,15320,191,186,3623,4536,8872,107453,2,55,4334,2480,2183,NA,124122,17,2623,4595,4685,23405,67703,38365,10078,3669,495,44366,4361,663,22810,148866,5648,5,43,145,6,108,167,25,125,18118,8143,NA,10754,74,3915,3385,5354,1960,347,6484,40542,39319,18090,29367,430,944,8790,6961,13809,5692,59127,1954,842,3983,2,96,1253,8809,57911,4096,15,9,20193,51377,2233,58052,29064,263469,106,3200,NA,22467,164,21570,72769,14,251,14530,NA,8693,11470
1995,19790,3141,28292,53,65,12105,10,69,34855,3223,80,18118,7936,7765,280,559,117487,263,10274,NA,10487,220,5651,61,519,7471,3332,1586,161848,18,290,8357,10692,6087,11169,13940,29302,395,33,3328,6998,14409,1241686,36453,494,2733,18,3469,14677,4669,10901,855,10319,NA,21771,44067,5233,627,71,7916,11385,62064,5733,443,3213,1441,57042,NA,2,43,776,5108,57845,139,216,1087,1126,5069,81929,16997,27,10672,56,100,405,146,10016,7565,1125,728,7878,1,5575,10331,267,964486,199400,59757,20288,3611,5332,56968,2462,124487,4382,15926,27426,77,1628,4592,4795,2492,3463,1795,2095,4775,31,3629,NA,13129,9883,20721,249,9825,387,51,370,2292,1137,122,92273,107,33,2306,NA,10,26929,15933,42133,1651,10,21595,15422,190,191,3675,4637,9179,110015,2,58,4359,2596,2232,NA,127347,17,2677,4716,4795,23827,69255,38392,10125,3702,501,44662,4339,676,22681,148699,5570,5,43,147,6,108,168,26,128,18492,8369,NA,10847,75,3898,3482,5369,1966,356,6525,41402,39427,18229,30141,436,964,8827,7019,14171,5775,59650,1963,853,4085,2,96,1261,8936,58865,4188,15,9,20831,51122,2349,58211,29944,266324,107,3223,NA,22919,168,22035,74008,14,259,15148,NA,8919,11685
1996,20685,3113,28787,54,65,12453,10,70,35287,3172,83,18320,7960,7845,284,575,119929,264,10244,NA,10512,226,5822,62,521,7638,3306,1624,164343,19,297,8273,10992,6140,11459,14287,29582,404,34,3406,7219,14631,1254127,37113,507,2810,18,3557,15090,4657,10949,873,10310,NA,22039,45295,5255,644,71,8055,11584,63120,5791,457,3263,1420,58774,NA,3,43,785,5125,58058,143,220,1118,1158,4992,82200,17429,27,10755,56,101,409,147,10246,7806,1148,729,8032,1,5707,10314,270,982553,202257,60816,20973,3638,5487,56938,2485,124815,4510,15713,28192,78,1628,4659,4908,2463,3539,1829,2204,4863,31,3604,NA,13547,10071,21247,254,10093,389,51,372,2358,1150,128,93858,108,33,2325,NA,9,27324,16413,42736,1701,10,22138,15517,188,195,3717,4733,9500,112618,2,60,4385,2720,2259,NA,130737,18,2732,4841,4905,24249,70831,38399,10169,3732,512,44950,4308,689,22567,148457,5804,5,44,149,6,108,170,26,130,18786,8592,NA,10892,75,3898,3577,5381,1971,366,6629,42176,39520,18341,30929,442,985,8847,7061,14519,5860,60258,1973,852,4209,2,96,1269,9053,59822,4268,16,9,21474,50773,2474,58372,30783,269394,108,3246,NA,23347,172,22499,75117,14,267,15710,NA,9162,11891
1997,21299,3092,29243,55,65,12792,10,72,35715,3135,85,18525,7972,7914,287,593,122370,265,10204,NA,10533,232,5988,62,528,7804,3366,1661,166869,19,305,8198,11302,6181,11731,14632,29850,413,35,3484,7449,14840,1266151,37775,520,2891,18,3648,15492,4625,10992,891,10296,NA,22279,46369,5278,666,71,8191,11774,64200,5839,472,3335,1403,60482,NA,3,44,793,5139,58270,148,225,1148,1191,4925,82326,17855,27,10825,56,101,413,149,10482,7982,1171,730,8187,1,5836,10291,273,1000558,205063,61956,21687,3670,5631,56888,2509,125092,4607,15485,28945,80,1679,4739,5017,2439,3597,1865,2361,4951,32,3577,NA,13982,10319,21781,259,10371,391,52,376,2425,1162,133,95441,108,34,2346,NA,8,27709,16862,43352,1752,10,22692,15606,186,199,3752,4825,9836,115269,2,63,4412,2848,2266,NA,134256,18,2787,4970,5015,24667,72427,38389,10211,3761,529,45228,4268,702,22465,148139,6298,5,44,151,6,108,172,26,133,19021,8813,NA,10897,76,3914,3671,5390,1976,377,6787,42873,39609,18428,31734,448,1007,8854,7090,14856,5945,60934,1983,842,4349,2,97,1275,9163,60783,4336,16,9,22123,50343,2612,58536,31592,272643,108,3269,NA,23752,175,22962,76111,14,276,16227,NA,9418,12087
1998,21752,3079,29674,56,64,13138,10,74,36135,3109,87,18735,7976,7976,291,611,124803,266,10157,NA,10554,238,6155,62,541,7971,3480,1696,169410,20,312,8130,11621,6224,11986,14976,30114,421,37,3560,7690,15039,1277628,38439,534,2973,18,3741,15879,4583,11031,908,10279,NA,22496,47374,5300,689,70,8325,11960,65309,5878,488,3428,1390,62174,NA,3,44,801,5151,58496,153,229,1178,1225,4864,82350,18281,27,10885,56,101,418,151,10723,8113,1194,730,8342,1,5963,10265,276,1018471,207839,63133,22416,3707,5765,56852,2534,125326,4682,15265,29696,81,1764,4824,5121,2420,3644,1901,2541,5041,32,3550,NA,14431,10612,22322,264,10663,393,52,379,2495,1173,138,97002,108,34,2367,NA,7,28083,17296,43953,1803,10,23255,15691,183,204,3783,4912,10186,117983,2,65,4439,2976,2263,NA,137808,19,2843,5104,5124,25079,74041,38366,10252,3785,549,45495,4221,714,22373,147749,6944,5,45,153,6,108,174,26,136,19257,9035,NA,10867,77,3954,3761,5397,1979,387,6983,43516,39734,18510,32549,454,1029,8853,7113,15200,6028,61660,1992,830,4500,2,97,1281,9265,61743,4395,17,9,22789,49860,2755,58707,32389,275986,108,3290,NA,24127,178,23424,77020,14,286,16717,NA,9682,12262
1999,22228,3073,30099,57,64,13512,11,76,36541,3091,88,18948,7985,8039,294,627,127215,267,10108,NA,10579,244,6329,63,555,8139,3601,1728,171936,20,320,8067,11952,6284,12224,15324,30384,429,38,3632,7947,15232,1288373,39103,548,3055,18,3832,16243,4540,11068,926,10260,NA,22699,48430,5320,712,70,8458,12148,66457,5911,504,3540,1380,63869,NA,3,45,807,5162,58752,159,234,1207,1260,4805,82342,18716,27,10938,56,101,423,153,10974,8226,1217,731,8495,1,6090,10237,278,1036259,210611,64278,23144,3751,5892,56874,2558,125532,4752,15082,30462,83,1857,4899,5221,2402,3690,1934,2711,5134,32,3524,NA,14892,10922,22868,269,10970,395,52,382,2568,1184,144,98514,107,35,2389,NA,6,28444,17736,44497,1851,10,23825,15776,181,208,3817,4995,10548,120784,2,67,4466,3095,2259,NA,141261,19,2900,5241,5234,25479,75670,38336,10294,3803,570,45749,4167,727,22283,147287,7583,5,45,155,6,108,175,27,138,19579,9265,NA,10820,78,4028,3845,5401,1982,398,7193,44137,39949,18610,33369,460,1048,8852,7137,15573,6104,62409,2001,823,4651,2,97,1287,9362,62693,4449,18,9,23483,49366,2897,58892,33197,279300,108,3307,NA,24469,181,23886,77891,14,298,17208,NA,9945,12405
2000,22856,3072,30534,58,65,13926,11,78,36931,3076,90,19164,8005,8111,298,638,129592,268,10058,10176,NA,251,6518,63,571,8307,3694,1758,174425,20,327,8006,12294,6374,12447,15678,30667,437,40,3702,8222,15420,1298268,39764,562,3136,18,3919,16582,4506,11104,943,10243,NA,22894,49626,5340,732,70,8592,12345,67648,5940,520,3668,1371,65578,NA,3,46,812,5173,59048,165,238,1235,1297,4746,82349,19165,27,10987,56,102,427,155,11237,8344,1241,733,8645,1,6218,10211,281,1053898,213395,65342,23857,3804,6015,56986,2582,125720,4827,14957,31254,84,1941,4955,5317,2385,3742,1964,2847,5231,33,3500,435,15364,11229,23415,273,11295,397,52,385,2643,1196,149,99960,107,35,2411,NA,5,28793,18201,44958,1896,10,24401,15863,180,212,3858,5074,10922,123689,2,68,4491,3199,2264,NA,144522,19,2956,5379,5344,25862,77310,38302,10336,3814,591,45988,4107,739,22192,146758,8098,5,46,157,6,108,177,27,141,20045,9506,NA,10767,79,4143,3919,5405,1985,409,7399,44760,40288,18745,34188,467,1064,8860,7168,15989,6173,63155,2009,830,4794,2,98,1292,9456,63628,4501,19,9,24213,48892,3033,59096,34038,282496,109,3319,NA,24776,185,24348,78758,14,315,17723,NA,10202,12509
2001,23677,3077,30982,59,66,14388,11,79,37302,3066,92,19382,8038,8191,302,643,131945,268,10010,10211,NA,257,6721,63,588,8477,3748,1784,176877,21,334,7948,12648,6500,12654,16040,30967,445,43,3767,8518,15604,1307271,40423,578,3213,18,4003,16893,4482,11140,961,10226,NA,23083,50989,5356,750,69,8726,12552,68888,5966,537,3812,1363,67304,NA,3,46,815,5185,59391,172,241,1263,1336,4685,82384,19632,28,11032,56,102,431,158,11513,8472,1265,735,8792,1,6347,10185,284,1071374,216203,66314,24552,3866,6131,57199,2604,125894,4910,14898,32076,86,2010,4988,5409,2367,3803,1989,2939,5331,33,3480,440,15846,11529,23965,278,11640,400,52,388,2720,1208,154,101330,107,35,2435,NA,5,29129,18691,45324,1936,10,24980,15953,180,216,3907,5149,11308,126705,2,69,4514,3285,2279,NA,147558,19,3013,5519,5454,26228,78964,38267,10380,3817,608,46211,4040,751,22100,146162,8457,5,47,159,6,108,178,28,143,20682,9759,NA,10707,80,4304,3981,5407,1988,420,7597,45390,40767,18922,35002,473,1075,8877,7208,16455,6233,63899,2016,853,4926,2,98,1297,9546,64545,4552,21,9,24984,48448,3149,59321,34917,285545,109,3325,NA,25043,190,24811,79630,15,337,18266,NA,10450,12575
2002,24640,3090,31442,60,69,14890,12,81,37657,3061,95,19604,8083,8280,306,642,134266,269,9963,10254,NA,263,6938,63,606,8647,3776,1808,179289,21,342,7893,13015,6656,12845,16408,31282,453,45,3829,8831,15784,1315485,41078,593,3289,18,4083,17181,4466,11175,980,10210,NA,23265,52491,5371,765,69,8861,12767,70175,5988,554,3974,1357,69041,NA,3,47,816,5197,59775,179,245,1291,1376,4626,82432,20114,28,11073,57,102,435,160,11800,8605,1290,738,8935,1,6478,10159,287,1088694,219026,67213,25233,3936,6242,57499,2626,126048,4998,14902,32928,87,2070,5003,5497,2350,3869,2010,2996,5434,34,3462,443,16339,11833,24515,282,12002,402,52,391,2800,1221,159,102634,108,35,2459,NA,5,29454,19200,45609,1973,10,25563,16046,180,220,3962,5220,11706,129832,2,69,4536,3356,2303,NA,150407,20,3069,5660,5565,26579,80630,38230,10423,3813,624,46421,3969,762,22011,145520,8696,5,47,160,6,108,178,28,146,21463,10023,NA,10642,81,4506,4032,5408,1991,432,7791,46015,41365,19134,35816,480,1083,8902,7255,16963,6286,64643,2022,888,5051,1,99,1302,9634,65446,4600,23,10,25794,48032,3255,59565,35832,288467,109,3325,NA,25275,195,25273,80501,14,362,18832,NA,10693,12608
2003,25679,3107,31913,61,72,15420,13,82,38001,3061,97,19840,8134,8377,310,647,136515,269,9918,10303,NA,269,7165,64,624,8816,3783,1830,181633,21,349,7840,13396,6839,13024,16783,31609,460,48,3890,9154,15960,1323108,41732,609,3365,19,4160,17456,4457,11208,998,10199,NA,23437,54098,5384,780,69,8995,12988,71498,6009,572,4146,1352,70784,NA,3,47,817,5211,60184,187,248,1317,1418,4570,82484,20611,28,11111,57,102,439,163,12099,8744,1315,741,9075,1,6609,10135,290,1105886,221839,68062,25915,4011,6352,57864,2646,126184,5097,14959,33805,89,2127,5008,5582,2334,3935,2029,3037,5541,34,3447,446,16842,12145,25060,287,12380,405,52,393,2882,1234,164,103903,108,35,2485,NA,5,29770,19721,45844,2008,10,26144,16138,182,223,4021,5288,12118,133067,2,69,4559,3419,2336,NA,153140,20,3126,5803,5676,26916,82294,38198,10466,3803,654,46625,3896,773,21925,144880,8858,5,48,162,6,108,179,29,148,22334,10298,NA,10578,82,4730,4086,5409,1994,444,7982,46631,42040,19370,36643,487,1089,8935,7307,17490,6337,65370,2028,931,5170,1,100,1306,9722,66339,4648,26,10,26642,47643,3401,59830,36788,291291,109,3323,NA,25489,200,25736,81377,14,389,19420,NA,10938,12613
2004,26693,3125,32396,62,75,15957,13,83,38341,3063,99,20104,8186,8480,315,672,138633,270,9872,10357,NA,275,7398,64,642,8983,3781,1852,183873,22,356,7789,13790,7040,13194,17165,31944,467,50,3952,9475,16132,1330416,42386,626,3446,19,4236,17732,4450,11235,1016,10202,NA,23597,55755,5400,794,69,9130,13209,72845,6029,590,4318,1348,72527,NA,3,48,819,5226,60597,195,252,1344,1460,4520,82524,21120,29,11147,57,102,442,166,12405,8889,1341,744,9213,1,6743,10110,293,1122991,224607,68893,26619,4086,6471,58264,2665,126299,5210,15053,34702,90,2189,5018,5667,2319,3998,2047,3093,5653,34,3432,451,17358,12473,25590,291,12772,407,52,395,2965,1246,169,105176,109,35,2514,NA,5,30082,20246,46070,2043,10,26718,16225,184,227,4079,5356,12547,136399,2,68,4587,3483,2378,NA,155860,20,3182,5948,5787,27242,83937,38175,10506,3792,715,46831,3828,784,21845,144307,9010,5,49,164,6,109,180,30,150,23214,10581,NA,10522,83,4952,4160,5411,1998,457,8171,47227,42732,19611,37504,493,1095,8978,7361,18005,6391,66060,2033,974,5288,1,100,1311,9814,67236,4697,28,10,27522,47275,3658,60119,37787,294063,109,3321,NA,25708,206,26200,82263,14,416,20026,NA,11192,12598
2005,27615,3142,32888,63,78,16489,14,84,38681,3066,101,20404,8232,8588,319,725,140588,271,9825,10414,NA,281,7634,64,659,9147,3781,1876,185987,22,363,7739,14198,7251,13358,17554,32283,473,52,4018,9786,16302,1337613,43041,643,3533,19,4309,18021,4442,11254,1033,10221,NA,23746,57421,5419,808,69,9264,13426,74203,6051,608,4486,1346,74264,NA,3,48,823,5244,60997,202,255,1371,1504,4477,82541,21640,29,11183,57,103,446,169,12717,9041,1368,746,9347,0,6879,10087,297,1140043,227303,69732,27359,4158,6605,58671,2682,126393,5342,15172,35615,92,2264,5042,5753,2306,4052,2066,3183,5770,35,3416,457,17886,12823,26100,295,13177,409,52,397,3047,1257,175,106484,109,35,2547,NA,6,30392,20770,46321,2080,10,27282,16305,186,231,4134,5424,12994,139823,2,67,4623,3556,2430,NA,158645,20,3238,6095,5898,27559,85546,38165,10544,3782,821,47044,3767,795,21772,143843,9202,5,49,165,6,109,180,30,153,24041,10872,NA,10483,84,5153,4266,5415,2002,470,8360,47793,43395,19843,38410,499,1105,9029,7415,18484,6453,66698,2038,1010,5408,1,101,1315,9912,68143,4748,31,10,28431,46924,4069,60431,38831,296820,109,3323,NA,25947,211,26664,83161,14,440,20649,NA,11462,12571
2006,28421,3157,33392,64,80,17010,14,85,39024,3070,103,20744,8273,8702,324,811,142354,271,9777,10475,NA,287,7872,64,675,9307,3782,1901,187958,22,370,7690,14622,7474,13516,17948,32628,478,54,4088,10084,16469,1344764,43697,661,3629,20,4382,18326,4434,11265,1048,10259,NA,23882,59088,5443,824,69,9398,13640,75568,6074,626,4646,1344,75993,NA,3,48,828,5266,61378,208,258,1397,1547,4443,82536,22171,29,11219,57,103,449,171,13035,9202,1395,748,9479,0,7018,10064,301,1157039,229919,70582,28141,4226,6755,59082,2696,126465,5495,15312,36541,94,2351,5084,5842,2293,4097,2086,3314,5894,35,3398,466,18427,13195,26586,299,13593,411,52,399,3130,1267,180,107835,110,35,2584,627,6,30702,21291,46605,2119,10,27834,16378,189,235,4185,5494,13460,143339,2,66,4669,3638,2491,NA,161513,20,3295,6245,6009,27866,87116,38170,10578,3773,978,47268,3715,805,21705,143510,9441,4,50,167,6,109,181,31,155,24799,11170,9836,NA,84,5327,4410,5422,2007,483,8547,48331,44018,20062,39369,505,1118,9091,7468,18921,6525,67276,2043,1039,5530,1,102,1320,10018,69064,4802,33,10,29370,46592,4663,60768,39924,299564,109,3327,NA,26214,217,27129,84076,14,462,21288,NA,11750,12530
2007,29146,3170,33907,65,81,17525,14,86,39368,3074,104,21120,8310,8821,329,926,143957,272,9728,10539,NA,293,8113,65,689,9463,3779,1928,189798,23,378,7640,15061,7708,13670,18350,32977,483,55,4161,10372,16633,1351831,44352,679,3731,20,4453,18647,4426,11269,1063,10314,NA,24009,60772,5469,839,68,9532,13850,76942,6101,644,4799,1343,77718,NA,3,49,835,5290,61745,214,261,1424,1591,4416,82516,22712,29,11256,57,103,452,173,13359,9374,1424,750,9608,0,7159,10043,306,1173972,232462,71435,28961,4291,6920,59495,2709,126515,5667,15476,37485,95,2448,5139,5931,2282,4135,2106,3477,6023,35,3379,476,18980,13589,27051,304,14021,413,52,401,3213,1276,186,109221,110,35,2625,628,6,31011,21811,46916,2159,10,28374,16443,192,239,4232,5564,13946,146951,2,64,4722,3728,2561,NA,164446,20,3351,6396,6119,28166,88653,38190,10608,3765,1178,47499,3672,816,21645,143295,9711,4,50,169,6,109,181,31,157,25504,11475,9833,NA,85,5478,4585,5431,2012,496,8733,48842,44604,20272,40374,510,1133,9161,7522,19321,6604,67796,2048,1061,5653,1,102,1326,10130,69993,4859,34,10,30340,46282,5406,61128,41068,302285,109,3336,NA,26504,222,27593,85007,14,480,21947,NA,12055,12481
2008,29840,3181,34428,66,83,18038,15,87,39714,3079,106,21514,8342,8944,334,1052,145478,272,9681,10602,NA,299,8356,65,701,9618,3774,1955,191543,23,385,7591,15515,7943,13823,18759,33328,487,55,4238,10654,16796,1358790,45006,697,3836,20,4522,18987,4418,11267,1077,10377,NA,24126,62475,5497,856,68,9665,14057,78323,6130,662,4948,1342,79446,NA,3,49,844,5316,62098,220,265,1450,1636,4394,82475,23264,29,11292,57,104,455,176,13691,9559,1454,752,9736,0,7303,10022,311,1190864,234951,72289,29821,4353,7092,59891,2720,126545,5849,15655,38455,97,2548,5204,6022,2271,4167,2127,3658,6150,36,3360,487,19546,14005,27502,308,14460,414,53,403,3295,1284,192,110627,110,35,2667,629,6,31321,22333,47250,2200,10,28905,16503,195,243,4278,5636,14450,150666,2,63,4779,3827,2637,NA,167442,20,3406,6549,6230,28463,90173,38218,10635,3759,1396,47734,3635,826,21590,143163,10004,4,51,171,6,109,182,31,160,26167,11787,9841,NA,86,5612,4772,5441,2018,510,8922,49319,45146,20474,41415,515,1150,9237,7573,19694,6691,68268,2053,1080,5777,1,103,1331,10247,70924,4918,36,10,31339,45992,6207,61504,42268,304989,109,3346,NA,26812,228,28057,85952,14,497,22627,NA,12380,12452
2009,30578,3193,34950,67,84,18555,15,88,40062,3085,107,21902,8370,9067,338,1170,147030,273,9636,10661,NA,305,8602,65,714,9773,3768,1982,193247,23,392,7543,15984,8171,13978,19175,33675,492,56,4318,10937,16956,1365580,45654,716,3941,20,4591,19350,4411,11263,1090,10440,NA,24238,64204,5525,872,68,9797,14262,79716,6160,681,5098,1342,81188,NA,3,49,852,5342,62445,225,268,1478,1682,4374,82405,23824,29,11327,57,104,458,178,14034,9761,1484,753,9864,0,7450,10002,316,1207740,237414,73137,30725,4412,7261,60249,2731,126552,6026,15841,39462,98,2646,5271,6112,2261,4197,2149,3836,6263,36,3341,498,20124,14442,27949,312,14910,415,53,404,3378,1292,198,112033,111,35,2712,630,6,31635,22859,47601,2242,10,29433,16559,198,247,4323,5710,14972,154488,2,61,4834,3931,2712,NA,170494,20,3462,6703,6342,28765,91703,38249,10657,3754,1598,47964,3603,836,21537,143064,10311,4,52,172,6,109,182,31,163,26809,12107,9851,NA,86,5739,4946,5452,2024,524,9120,49752,45638,20669,42478,520,1168,9311,7621,20054,6783,68706,2057,1100,5902,1,104,1336,10365,71846,4980,37,10,32368,45715,6939,61887,43525,307687,109,3357,NA,27128,234,28520,86901,14,513,23328,NA,12724,12474
2010,31412,3204,35468,68,85,19082,15,89,40412,3092,107,22268,8394,9188,343,1262,148692,273,9595,10712,NA,312,8850,65,726,9930,3760,2007,194946,23,399,7494,16469,8383,14138,19599,34017,496,56,4401,11227,17114,1372148,46295,735,4043,20,4659,19738,4403,11258,1104,10493,NA,24346,65966,5550,889,68,9927,14465,81121,6193,700,5254,1341,82950,NA,3,49,861,5365,62787,231,271,1505,1728,4352,82302,24392,29,11359,57,104,461,180,14389,9982,1515,754,9993,0,7601,9984,320,1224614,239871,73974,31672,4470,7418,60551,2741,126536,6187,16026,40513,100,2737,5334,6201,2252,4228,2171,3994,6355,36,3324,507,20714,14901,28401,316,15370,417,54,406,3460,1299,204,113423,111,35,2756,631,6,31951,23391,47963,2283,10,29959,16613,201,251,4368,5788,15512,158423,1,61,4883,4039,2782,NA,173593,20,3517,6858,6455,29077,93261,38277,10676,3749,1759,48184,3573,846,21486,142958,10624,4,52,174,6,109,183,32,165,27448,12434,9856,NA,87,5868,5086,5462,2030,538,9331,50133,46077,20860,43552,525,1186,9380,7664,20411,6879,69122,2061,1124,6028,1,104,1341,10481,72752,5042,38,10,33425,45448,7512,62272,44841,310384,109,3369,NA,27445,240,28980,87848,14,531,24053,NA,13089,12571
2011,32358,3216,35980,70,86,19618,16,90,40765,3100,108,22606,8413,9306,347,1324,150494,274,9559,10754,NA,318,9100,65,738,10088,3752,2031,196655,23,406,7446,16968,8575,14305,20030,34350,501,57,4487,11525,17270,1378506,46927,754,4140,20,4727,20153,4396,11254,1117,10534,NA,24451,67758,5573,906,68,10056,14666,82537,6227,720,5415,1341,84734,NA,3,49,868,5385,63126,237,274,1534,1776,4329,82163,24966,29,11390,57,105,463,182,14757,10222,1547,756,10124,0,7755,9966,324,1241492,242326,74799,32665,4526,7562,60789,2751,126497,6330,16207,41610,101,2818,5393,6288,2243,4259,2194,4129,6423,36,3307,516,21315,15381,28859,320,15840,418,55,407,3542,1307,211,114793,112,35,2800,632,6,32273,23930,48337,2324,10,30486,16665,203,255,4415,5870,16069,162471,1,61,4925,4152,2846,NA,176745,21,3571,7014,6568,29400,94852,38299,10690,3746,1870,48391,3545,856,21436,142836,10943,4,53,176,6,109,184,32,169,28083,12768,9854,NA,87,5997,5188,5472,2035,552,9557,50460,46455,21045,44632,529,1203,9441,7702,20766,6977,69519,2064,1154,6155,1,105,1346,10594,73640,5105,39,10,34509,45190,7891,62655,46218,313085,109,3380,NA,27760,246,29437,88792,13,548,24800,NA,13475,12754
2012,33397,3227,36486,71,88,20163,16,91,41119,3109,109,22919,8429,9421,351,1359,152409,275,9527,10788,NA,324,9352,65,750,10248,3744,2053,198361,24,413,7398,17482,8749,14478,20469,34675,505,57,4576,11831,17423,1384656,47551,773,4233,21,4794,20595,4387,11249,1129,10566,NA,24554,69575,5593,923,68,10183,14865,83958,6264,740,5581,1340,86539,NA,3,49,876,5403,63458,243,277,1564,1825,4304,81991,25546,29,11419,57,105,465,184,15138,10481,1580,758,10256,0,7912,9950,328,1258351,244769,75612,33703,4579,7695,60964,2761,126435,6457,16381,42749,103,2892,5448,6374,2235,4292,2217,4245,6469,37,3292,523,21929,15883,29322,324,16319,419,56,408,3623,1314,217,116147,112,35,2844,633,6,32599,24475,48724,2364,10,31011,16714,205,259,4461,5955,16644,166629,1,62,4960,4271,2904,NA,179951,21,3625,7170,6683,29734,96471,38317,10699,3743,1939,48588,3519,865,21388,142703,11272,4,54,178,6,109,185,32,172,28705,13108,9847,NA,87,6126,5256,5480,2040,566,9797,50738,46772,21224,45722,534,1220,9495,7734,21118,7079,69892,2067,1187,6283,1,105,1351,10705,74509,5170,40,10,35621,44940,8106,63036,47656,315791,109,3391,NA,28077,252,29891,89730,13,567,25569,NA,13884,13014
